{"Ticker":{"0":"CZR","1":"APTV","2":"RCL","3":"BWA","4":"NCLH","5":"F","6":"DHI","7":"GPC","8":"TJX","9":"GM","10":"DLTR","11":"ORLY","12":"LEN","13":"MGM","14":"EBAY","15":"MCD","16":"YUM","17":"BKNG","18":"ROST","19":"AAP","20":"PHM","21":"AZO","22":"WYNN","23":"LKQ","24":"DPZ","25":"NVR","26":"DRI","27":"TPR","28":"TSCO","29":"MAR","30":"CCL","31":"SBUX","32":"HLT","33":"HD","34":"MHK","35":"GRMN","36":"ETSY","37":"BBY","38":"RL","39":"KMX","40":"WHR","41":"LVS","42":"POOL","43":"TGT","44":"LOW","45":"DG","46":"EXPE","47":"NKE","48":"ULTA","49":"BBWI","50":"VFC","51":"NWL","52":"CMG","53":"HAS","54":"AMZN","55":"TSLA"},"RSC":{"0":0.4879314163,"1":0.339582909,"2":0.3389421718,"3":0.2873059663,"4":0.2765265629,"5":0.2437141762,"6":0.2387328665,"7":0.2270531654,"8":0.2197435944,"9":0.2089844342,"10":0.2058946413,"11":0.2020673359,"12":0.2020654097,"13":0.2016080741,"14":0.1978617417,"15":0.1963738772,"16":0.1775931432,"17":0.177412124,"18":0.1731521343,"19":0.1702552143,"20":0.1701256195,"21":0.166806201,"22":0.1660007823,"23":0.165991031,"24":0.1589569215,"25":0.1580399305,"26":0.1546252445,"27":0.1508541508,"28":0.1479573523,"29":0.1460813352,"30":0.1459702958,"31":0.144051526,"32":0.143792512,"33":0.141519762,"34":0.1395971999,"35":0.1378117489,"36":0.13462748,"37":0.1296667436,"38":0.1195536198,"39":0.1147489186,"40":0.114648301,"41":0.112253666,"42":0.1093836831,"43":0.1075255664,"44":0.1054969204,"45":0.0910333961,"46":0.0825272389,"47":0.0789879448,"48":0.0763984023,"49":0.0589761035,"50":0.0053921257,"51":-0.0061768349,"52":-0.0188062226,"53":-0.0765907796,"54":-0.1393737618,"55":-0.3034448082},"Price":{"0":50.62,"1":109.32,"2":57.72,"3":40.97,"4":17.09,"5":14.18,"6":83.92,"7":182.2,"8":74.0,"9":39.74,"10":163.12,"11":843.85,"12":88.4,"13":35.31,"14":44.66,"15":275.88,"16":124.13,"17":1946.51,"18":97.13,"19":183.53,"20":43.78,"21":2467.66,"22":72.0,"23":54.12,"24":357.82,"25":4529.73,"26":145.33,"27":32.54,"28":210.59,"29":157.98,"30":9.78,"31":96.26,"32":136.62,"33":311.7,"34":102.44,"35":91.31,"36":110.21,"37":72.03,"38":95.45,"39":70.65,"40":149.65,"41":41.05,"42":339.31,"43":164.38,"44":204.32,"45":253.94,"46":99.04,"47":99.49,"48":423.58,"49":34.43,"50":29.93,"51":13.45,"52":1470.92,"53":60.39,"54":96.63,"55":190.72},"Percent Change":{"0":48.08,"1":32.71,"2":32.78,"3":26.55,"4":26.72,"5":22.42,"6":22.21,"7":20.09,"8":19.76,"9":18.92,"10":18.27,"11":17.44,"12":18.57,"13":18.23,"14":18.04,"15":16.63,"16":15.13,"17":15.68,"18":15.4,"19":14.66,"20":15.61,"21":13.81,"22":14.45,"23":14.21,"24":13.74,"25":14.15,"26":13.1,"27":13.2,"28":12.53,"29":12.46,"30":14.06,"31":12.29,"32":12.12,"33":12.14,"34":12.67,"35":11.73,"36":12.38,"37":11.17,"38":10.12,"39":9.52,"40":9.69,"41":8.73,"42":9.39,"43":9.01,"44":8.68,"45":6.51,"46":7.01,"47":6.29,"48":5.01,"49":4.59,"50":-1.01,"51":-2.53,"52":-3.9,"53":-9.97,"54":-14.99,"55":-31.39},"Index":{"0":"XLY","1":"XLY","2":"XLY","3":"XLY","4":"XLY","5":"XLY","6":"XLY","7":"XLY","8":"XLY","9":"XLY","10":"XLY","11":"XLY","12":"XLY","13":"XLY","14":"XLY","15":"XLY","16":"XLY","17":"XLY","18":"XLY","19":"XLY","20":"XLY","21":"XLY","22":"XLY","23":"XLY","24":"XLY","25":"XLY","26":"XLY","27":"XLY","28":"XLY","29":"XLY","30":"XLY","31":"XLY","32":"XLY","33":"XLY","34":"XLY","35":"XLY","36":"XLY","37":"XLY","38":"XLY","39":"XLY","40":"XLY","41":"XLY","42":"XLY","43":"XLY","44":"XLY","45":"XLY","46":"XLY","47":"XLY","48":"XLY","49":"XLY","50":"XLY","51":"XLY","52":"XLY","53":"XLY","54":"XLY","55":"XLY"}}