{"Ticker":{"0":"NCLH","1":"CCL","2":"RCL","3":"CZR","4":"APTV","5":"BWA","6":"F","7":"WYNN","8":"EBAY","9":"NKE","10":"MGM","11":"GM","12":"BKNG","13":"GPC","14":"DPZ","15":"RL","16":"ETSY","17":"BBY","18":"TJX","19":"MCD","20":"DLTR","21":"TPR","22":"DHI","23":"ORLY","24":"DRI","25":"SBUX","26":"TGT","27":"HLT","28":"LVS","29":"MAR","30":"MHK","31":"YUM","32":"AAP","33":"AZO","34":"GRMN","35":"LEN","36":"LKQ","37":"ROST","38":"TSCO","39":"KMX","40":"WHR","41":"PHM","42":"HD","43":"VFC","44":"LOW","45":"NVR","46":"EXPE","47":"POOL","48":"ULTA","49":"BBWI","50":"CMG","51":"DG","52":"NWL","53":"AMZN","54":"HAS","55":"TSLA"},"RSC":{"0":0.4751526584,"1":0.4637896264,"2":0.4605980806,"3":0.4250610956,"4":0.2822981367,"5":0.2506524375,"6":0.2189374535,"7":0.2177430694,"8":0.21147512,"9":0.2043175618,"10":0.199837399,"11":0.1986698992,"12":0.1673094946,"13":0.1668111269,"14":0.1662992886,"15":0.1595524403,"16":0.1578244252,"17":0.1555263708,"18":0.1549372385,"19":0.1533648673,"20":0.1523473136,"21":0.1498582259,"22":0.147693339,"23":0.1455387133,"24":0.1409052788,"25":0.140504531,"26":0.1338229586,"27":0.1333783428,"28":0.1303120619,"29":0.1271267187,"30":0.1235822176,"31":0.1211182403,"32":0.1211130561,"33":0.1152063658,"34":0.1033045631,"35":0.1024619345,"36":0.1004342416,"37":0.0978589328,"38":0.0969977884,"39":0.0948488887,"40":0.0889352996,"41":0.0847656322,"42":0.0800387801,"43":0.0653299038,"44":0.0620363132,"45":0.0558606217,"46":0.0498211045,"47":0.049564204,"48":0.0474670097,"49":0.0277975437,"50":0.0083997225,"51":0.0056149168,"52":-0.0169673671,"53":-0.1564080891,"54":-0.1703823199,"55":-0.231694665},"Price":{"0":17.87,"1":10.6,"2":58.07,"3":51.51,"4":109.63,"5":41.98,"6":14.06,"7":78.07,"8":45.91,"9":104.39,"10":36.95,"11":39.93,"12":1979.25,"13":179.77,"14":370.23,"15":101.34,"16":119.74,"17":74.26,"18":73.06,"19":272.27,"20":164.5,"21":34.25,"22":81.49,"23":824.92,"24":142.53,"25":97.42,"26":173.26,"27":138.76,"28":43.0,"29":159.53,"30":105.32,"31":122.6,"32":183.78,"33":2446.88,"34":91.28,"35":85.74,"36":53.63,"37":94.63,"38":212.78,"39":73.97,"40":152.94,"41":42.51,"42":306.92,"43":33.11,"44":204.66,"45":4354.74,"46":98.61,"47":340.89,"48":422.62,"49":33.06,"50":1513.12,"51":246.93,"52":13.64,"53":98.49,"54":57.16,"55":190.95},"Percent Change":{"0":48.97,"1":48.12,"2":47.37,"3":44.51,"4":29.65,"5":25.6,"6":22.62,"7":22.42,"8":22.11,"9":21.39,"10":20.75,"11":20.58,"12":17.38,"13":16.63,"14":17.12,"15":16.97,"16":17.37,"17":16.43,"18":15.96,"19":14.89,"20":15.59,"21":15.96,"22":15.8,"23":14.3,"24":14.24,"25":14.55,"26":14.36,"27":13.79,"28":13.27,"29":13.33,"30":13.92,"31":12.1,"32":12.4,"33":11.19,"34":10.99,"35":11.27,"36":10.31,"37":10.52,"38":10.01,"39":10.33,"40":9.86,"41":9.78,"42":8.68,"43":7.84,"44":7.04,"45":6.6,"46":6.53,"47":6.2,"48":4.81,"49":4.29,"50":1.46,"51":0.58,"52":-0.8,"53":-13.94,"54":-16.45,"55":-21.48},"Index":{"0":"XLY","1":"XLY","2":"XLY","3":"XLY","4":"XLY","5":"XLY","6":"XLY","7":"XLY","8":"XLY","9":"XLY","10":"XLY","11":"XLY","12":"XLY","13":"XLY","14":"XLY","15":"XLY","16":"XLY","17":"XLY","18":"XLY","19":"XLY","20":"XLY","21":"XLY","22":"XLY","23":"XLY","24":"XLY","25":"XLY","26":"XLY","27":"XLY","28":"XLY","29":"XLY","30":"XLY","31":"XLY","32":"XLY","33":"XLY","34":"XLY","35":"XLY","36":"XLY","37":"XLY","38":"XLY","39":"XLY","40":"XLY","41":"XLY","42":"XLY","43":"XLY","44":"XLY","45":"XLY","46":"XLY","47":"XLY","48":"XLY","49":"XLY","50":"XLY","51":"XLY","52":"XLY","53":"XLY","54":"XLY","55":"XLY"}}