{"Ticker":{"0":"ROST","1":"CZR","2":"CCL","3":"RCL","4":"BBY","5":"APTV","6":"DPZ","7":"WYNN","8":"BWA","9":"NCLH","10":"TJX","11":"GM","12":"BBWI","13":"F","14":"EBAY","15":"NKE","16":"YUM","17":"LVS","18":"DHI","19":"GPC","20":"TPR","21":"BKNG","22":"ORLY","23":"MGM","24":"VFC","25":"RL","26":"MCD","27":"ETSY","28":"SBUX","29":"GRMN","30":"PHM","31":"HD","32":"HLT","33":"MAR","34":"DRI","35":"LEN","36":"AZO","37":"ULTA","38":"NVR","39":"TSCO","40":"LKQ","41":"LOW","42":"DLTR","43":"EXPE","44":"DG","45":"KMX","46":"TGT","47":"MHK","48":"POOL","49":"WHR","50":"CMG","51":"HAS","52":"NWL","53":"AAP","54":"TSLA","55":"AMZN"},"RSC":{"0":0.3011175617,"1":0.2965876124,"2":0.2851038643,"3":0.2563560616,"4":0.2520267132,"5":0.2477864411,"6":0.2475457993,"7":0.2428732011,"8":0.2317543074,"9":0.2163540978,"10":0.2152736951,"11":0.1988629158,"12":0.1910034157,"13":0.1836405206,"14":0.1753181858,"15":0.1655069223,"16":0.1615839713,"17":0.1576632344,"18":0.1525722295,"19":0.1525433474,"20":0.1518031067,"21":0.140333978,"22":0.1398527516,"23":0.1359710433,"24":0.1343111338,"25":0.12797071,"26":0.1264935565,"27":0.1259620756,"28":0.1235557718,"29":0.1211739423,"30":0.1174370147,"31":0.1146400911,"32":0.1142973356,"33":0.1102775941,"34":0.1098353022,"35":0.103197742,"36":0.0972792984,"37":0.09666909,"38":0.0946133215,"39":0.0886219002,"40":0.0823941206,"41":0.0701768951,"42":0.0617106648,"43":0.0606943919,"44":0.0551385872,"45":0.0534300633,"46":0.0514078583,"47":0.0405845977,"48":0.0341379726,"49":0.0284451087,"50":-0.0302724908,"51":-0.0908517212,"52":-0.0943374441,"53":-0.1274893637,"54":-0.1845702331,"55":-0.1994543894},"Price":{"0":116.03,"1":49.15,"2":9.73,"3":59.34,"4":82.39,"5":106.91,"6":391.74,"7":75.36,"8":42.01,"9":16.32,"10":80.54,"11":40.11,"12":40.4,"13":14.03,"14":45.23,"15":106.65,"16":125.93,"17":43.06,"18":84.5,"19":183.92,"20":36.96,"21":1969.45,"22":850.82,"23":35.88,"24":33.76,"25":107.1,"26":273.27,"27":119.99,"28":99.52,"29":90.65,"30":44.7,"31":321.51,"32":138.54,"33":161.48,"34":148.33,"35":86.46,"36":2516.58,"37":447.37,"38":4500.67,"39":225.76,"40":54.84,"41":211.02,"42":150.14,"43":100.88,"44":256.33,"45":66.59,"46":163.41,"47":102.1,"48":332.39,"49":148.35,"50":1508.83,"51":62.16,"52":13.18,"53":150.55,"54":183.2,"55":94.13},"Percent Change":{"0":33.14,"1":33.83,"2":32.43,"3":28.87,"4":28.57,"5":28.41,"6":27.4,"7":26.98,"8":26.02,"9":24.98,"10":24.26,"11":22.71,"12":22.62,"13":21.28,"14":20.81,"15":19.84,"16":18.5,"17":18.1,"18":18.68,"19":17.56,"20":18.47,"21":16.98,"22":16.04,"23":16.54,"24":17.09,"25":16.14,"26":14.52,"27":16.55,"28":15.13,"29":15.1,"30":15.4,"31":14.47,"32":14.14,"33":13.89,"34":13.3,"35":13.73,"36":11.78,"37":12.21,"38":12.88,"39":11.55,"40":10.87,"41":10.22,"42":8.92,"43":9.79,"44":8.03,"45":8.52,"46":8.69,"47":7.88,"48":7.15,"49":6.14,"50":-0.05,"51":-5.99,"52":-6.19,"53":-9.85,"54":-14.35,"55":-16.02},"Index":{"0":"XLY","1":"XLY","2":"XLY","3":"XLY","4":"XLY","5":"XLY","6":"XLY","7":"XLY","8":"XLY","9":"XLY","10":"XLY","11":"XLY","12":"XLY","13":"XLY","14":"XLY","15":"XLY","16":"XLY","17":"XLY","18":"XLY","19":"XLY","20":"XLY","21":"XLY","22":"XLY","23":"XLY","24":"XLY","25":"XLY","26":"XLY","27":"XLY","28":"XLY","29":"XLY","30":"XLY","31":"XLY","32":"XLY","33":"XLY","34":"XLY","35":"XLY","36":"XLY","37":"XLY","38":"XLY","39":"XLY","40":"XLY","41":"XLY","42":"XLY","43":"XLY","44":"XLY","45":"XLY","46":"XLY","47":"XLY","48":"XLY","49":"XLY","50":"XLY","51":"XLY","52":"XLY","53":"XLY","54":"XLY","55":"XLY"},"Name":{"0":"Ross Stores Inc","1":"Caesars Entertainment Inc","2":"Carnival Corp (Paired Stock)","3":"Royal Caribbean Group","4":"Best Buy Co. Inc","5":"Aptiv PLC","6":"Dominos Pizza Inc","7":"Wynn Resorts Ltd","8":"BorgWarner Inc","9":"Norwegian Cruise Line Holdings Ltd","10":"TJX Companies Inc","11":"General Motors Company","12":"Bath & Body Works Inc","13":"Ford Motor Company","14":"EBay Inc","15":"Nike Inc - Class B","16":"Yum Brands Inc","17":"Las Vegas Sands Corp","18":"D.R. Horton Inc","19":"Genuine Parts Company","20":"Tapestry Inc","21":"Booking Holdings Inc","22":"O`Reilly Automotive Inc","23":"MGM Resorts International","24":"VF Corp","25":"Ralph Lauren Corp - Class A","26":"McDonald`s Corp","27":"Etsy Inc","28":"Starbucks Corp","29":"Garmin Ltd","30":"PulteGroup Inc","31":"Home Depot Inc","32":"Hilton Worldwide Holdings Inc","33":"Marriott International Inc - Class A","34":"Darden Restaurants Inc","35":"Lennar Corp - Class A","36":"Autozone Inc","37":"Ulta Beauty Inc","38":"NVR Inc","39":"Tractor Supply Company","40":"LKQ Corp","41":"Lowe`s Cos. Inc","42":"Dollar Tree Inc","43":"Expedia Group Inc","44":"Dollar General Corp","45":"Carmax Inc","46":"Target Corp","47":"Mohawk Industries Inc","48":"Pool Corporation","49":"Whirlpool Corp","50":"Chipotle Mexican Grill","51":"Hasbro Inc","52":"Newell Brands Inc","53":"Advance Auto Parts Inc","54":"Tesla Inc","55":"Amazon.com Inc"}}