{"Ticker":{"0":"CCL","1":"CZR","2":"RCL","3":"NCLH","4":"APTV","5":"BWA","6":"EBAY","7":"NKE","8":"DLTR","9":"F","10":"ETSY","11":"GPC","12":"TJX","13":"MGM","14":"TGT","15":"DHI","16":"BKNG","17":"ORLY","18":"WYNN","19":"RL","20":"MCD","21":"GM","22":"BBY","23":"DPZ","24":"TPR","25":"SBUX","26":"YUM","27":"GRMN","28":"AZO","29":"HLT","30":"AAP","31":"MAR","32":"TSCO","33":"ROST","34":"DRI","35":"LEN","36":"LKQ","37":"ULTA","38":"HD","39":"PHM","40":"KMX","41":"LVS","42":"LOW","43":"MHK","44":"VFC","45":"WHR","46":"DG","47":"POOL","48":"NVR","49":"CMG","50":"EXPE","51":"BBWI","52":"NWL","53":"HAS","54":"AMZN","55":"TSLA"},"RSC":{"0":0.4078187495,"1":0.3884217667,"2":0.3642988783,"3":0.3564280151,"4":0.2570231934,"5":0.2433454638,"6":0.2179585282,"7":0.2098579694,"8":0.1952384056,"9":0.1810762566,"10":0.1760403043,"11":0.173699017,"12":0.1643160571,"13":0.162872957,"14":0.159905043,"15":0.1587513743,"16":0.1527686186,"17":0.1505531422,"18":0.1505121904,"19":0.1500581848,"20":0.1446134696,"21":0.1404722695,"22":0.1369959089,"23":0.1340057145,"24":0.1335161899,"25":0.132315959,"26":0.1267373968,"27":0.1238328311,"28":0.1236826682,"29":0.1187612067,"30":0.1158674869,"31":0.1148619195,"32":0.1143628662,"33":0.1127374721,"34":0.1126554413,"35":0.1118664453,"36":0.106481338,"37":0.1015144794,"38":0.0964580351,"39":0.0879644348,"40":0.0875243204,"41":0.0868124569,"42":0.0850199353,"43":0.081784416,"44":0.0809072058,"45":0.0795004494,"46":0.0725299834,"47":0.070432585,"48":0.0676954876,"49":0.0152261725,"50":0.0045859815,"51":-0.0023295673,"52":-0.0226966397,"53":-0.1443681189,"54":-0.1750694316,"55":-0.2215557327},"Price":{"0":11.16,"1":54.3,"2":60.68,"3":18.3,"4":111.15,"5":42.79,"6":47.02,"7":106.71,"8":168.84,"9":14.3,"10":125.31,"11":181.43,"12":75.12,"13":37.49,"14":178.98,"15":84.17,"16":2001.9,"17":825.12,"18":78.4,"19":103.87,"20":267.84,"21":40.24,"22":75.6,"23":366.74,"24":34.98,"25":97.83,"26":123.31,"27":92.53,"28":2425.6,"29":138.54,"30":183.94,"31":161.77,"32":216.2,"33":97.8,"34":143.1,"35":87.75,"36":54.65,"37":436.27,"38":311.93,"39":43.62,"40":72.66,"41":43.93,"42":208.84,"43":106.27,"44":33.45,"45":154.51,"46":257.26,"47":346.25,"48":4510.99,"49":1523.47,"50":99.94,"51":33.92,"52":13.97,"53":58.71,"54":98.94,"55":194.42},"Percent Change":{"0":40.12,"1":38.5,"2":35.21,"3":34.53,"4":24.9,"5":22.71,"6":20.63,"7":19.82,"8":17.87,"9":16.57,"10":17.06,"11":15.23,"12":14.77,"13":14.8,"14":14.88,"15":14.78,"16":13.76,"17":12.72,"18":13.35,"19":13.84,"20":11.92,"21":12.44,"22":12.38,"23":11.7,"24":12.13,"25":11.59,"26":10.57,"27":10.98,"28":9.99,"29":10.18,"30":9.75,"31":9.94,"32":9.68,"33":9.89,"34":9.21,"35":10.1,"36":8.8,"37":8.23,"38":8.25,"39":7.96,"40":7.52,"41":6.62,"42":7.27,"43":7.48,"44":7.33,"45":6.77,"46":5.32,"47":6.23,"48":5.66,"49":0.05,"50":-0.28,"51":-0.98,"52":-3.54,"53":-15.91,"54":-17.98,"55":-22.56},"Index":{"0":"XLY","1":"XLY","2":"XLY","3":"XLY","4":"XLY","5":"XLY","6":"XLY","7":"XLY","8":"XLY","9":"XLY","10":"XLY","11":"XLY","12":"XLY","13":"XLY","14":"XLY","15":"XLY","16":"XLY","17":"XLY","18":"XLY","19":"XLY","20":"XLY","21":"XLY","22":"XLY","23":"XLY","24":"XLY","25":"XLY","26":"XLY","27":"XLY","28":"XLY","29":"XLY","30":"XLY","31":"XLY","32":"XLY","33":"XLY","34":"XLY","35":"XLY","36":"XLY","37":"XLY","38":"XLY","39":"XLY","40":"XLY","41":"XLY","42":"XLY","43":"XLY","44":"XLY","45":"XLY","46":"XLY","47":"XLY","48":"XLY","49":"XLY","50":"XLY","51":"XLY","52":"XLY","53":"XLY","54":"XLY","55":"XLY"},"Name":{"0":"Carnival Corp (Paired Stock)","1":"Caesars Entertainment Inc","2":"Royal Caribbean Group","3":"Norwegian Cruise Line Holdings Ltd","4":"Aptiv PLC","5":"BorgWarner Inc","6":"EBay Inc","7":"Nike Inc - Class B","8":"Dollar Tree Inc","9":"Ford Motor Company","10":"Etsy Inc","11":"Genuine Parts Company","12":"TJX Companies Inc","13":"MGM Resorts International","14":"Target Corp","15":"D.R. Horton Inc","16":"Booking Holdings Inc","17":"O`Reilly Automotive Inc","18":"Wynn Resorts Ltd","19":"Ralph Lauren Corp - Class A","20":"McDonald`s Corp","21":"General Motors Company","22":"Best Buy Co. Inc","23":"Dominos Pizza Inc","24":"Tapestry Inc","25":"Starbucks Corp","26":"Yum Brands Inc","27":"Garmin Ltd","28":"Autozone Inc","29":"Hilton Worldwide Holdings Inc","30":"Advance Auto Parts Inc","31":"Marriott International Inc - Class A","32":"Tractor Supply Company","33":"Ross Stores Inc","34":"Darden Restaurants Inc","35":"Lennar Corp - Class A","36":"LKQ Corp","37":"Ulta Beauty Inc","38":"Home Depot Inc","39":"PulteGroup Inc","40":"Carmax Inc","41":"Las Vegas Sands Corp","42":"Lowe`s Cos. Inc","43":"Mohawk Industries Inc","44":"VF Corp","45":"Whirlpool Corp","46":"Dollar General Corp","47":"Pool Corporation","48":"NVR Inc","49":"Chipotle Mexican Grill","50":"Expedia Group Inc","51":"Bath & Body Works Inc","52":"Newell Brands Inc","53":"Hasbro Inc","54":"Amazon.com Inc","55":"Tesla Inc"}}