{"Ticker":{"0":"RCL","1":"NCLH","2":"AZO","3":"LVS","4":"ORLY","5":"DRI","6":"TJX","7":"SBUX","8":"GPC","9":"DLTR","10":"TSCO","11":"MCD","12":"DG","13":"MGM","14":"HLT","15":"WYNN","16":"LKQ","17":"AAP","18":"YUM","19":"DHI","20":"NVR","21":"RL","22":"MAR","23":"LEN","24":"ETSY","25":"BKNG","26":"HD","27":"GRMN","28":"TGT","29":"ROST","30":"PHM","31":"APTV","32":"CMG","33":"BWA","34":"EXPE","35":"AMZN","36":"LOW","37":"DPZ","38":"TPR","39":"ULTA","40":"BBWI","41":"EBAY","42":"GM","43":"BBY","44":"MHK","45":"CCL","46":"CZR","47":"NWL","48":"WHR","49":"HAS","50":"NKE","51":"POOL","52":"F","53":"TSLA","54":"VFC","55":"KMX"},"RSC":{"0":0.2145892573,"1":0.2047633179,"2":0.1934872787,"3":0.187351326,"4":0.1774066472,"5":0.1722706015,"6":0.1590673179,"7":0.1446941424,"8":0.1420554207,"9":0.141943841,"10":0.1288164945,"11":0.1273352188,"12":0.1173119877,"13":0.1152093254,"14":0.1103755795,"15":0.1068928276,"16":0.1038942345,"17":0.1023894786,"18":0.1008389828,"19":0.0991724319,"20":0.0950165512,"21":0.0922164666,"22":0.0901290281,"23":0.0709984189,"24":0.0684043307,"25":0.0618205652,"26":0.0613414673,"27":0.0591352308,"28":0.0583404224,"29":0.0495206436,"30":0.0435018811,"31":0.0415224817,"32":0.0385292003,"33":0.0361416598,"34":0.0346568071,"35":0.0334927928,"36":0.0310563097,"37":0.0241009345,"38":0.018550329,"39":0.0003727764,"40":-0.0153277537,"41":-0.016358398,"42":-0.0168996449,"43":-0.020785194,"44":-0.0265855168,"45":-0.0395864282,"46":-0.0406109033,"47":-0.0443310974,"48":-0.0523804282,"49":-0.0705734235,"50":-0.0752615678,"51":-0.0760157162,"52":-0.0802720575,"53":-0.1828129955,"54":-0.2956283007,"55":-0.3145388375},"Price":{"0":49.2,"1":14.93,"2":2301.03,"3":39.07,"4":744.07,"5":133.32,"6":67.61,"7":88.61,"8":162.35,"9":143.61,"10":197.37,"11":254.55,"12":239.37,"13":33.92,"14":131.23,"15":58.8,"16":51.49,"17":171.34,"18":111.03,"19":69.75,"20":4046.65,"21":90.71,"22":153.49,"23":73.43,"24":100.91,"25":1822.79,"26":275.53,"27":82.77,"28":159.19,"29":85.07,"30":37.49,"31":87.04,"32":1549.82,"33":34.54,"34":97.27,"35":119.32,"36":182.37,"37":321.56,"38":31.27,"39":382.81,"40":33.71,"41":38.41,"42":35.0,"43":63.77,"44":95.37,"45":8.2,"46":39.61,"47":15.02,"48":131.22,"49":65.49,"50":88.5,"51":284.83,"52":12.19,"53":214.44,"54":27.69,"55":55.69},"Percent Change":{"0":8.63,"1":7.74,"2":4.95,"3":4.83,"4":3.48,"5":3.33,"6":1.99,"7":0.63,"8":0.11,"9":-0.09,"10":-1.09,"11":-1.62,"12":-2.79,"13":-1.83,"14":-2.6,"15":-3.1,"16":-3.46,"17":-3.8,"18":-4.03,"19":-3.64,"20":-4.36,"21":-4.34,"22":-4.59,"23":-6.48,"24":-6.36,"25":-7.29,"26":-7.72,"27":-7.92,"28":-7.77,"29":-8.68,"30":-9.17,"31":-9.0,"32":-10.13,"33":-10.12,"34":-9.82,"35":-9.81,"36":-10.76,"37":-11.52,"38":-11.66,"39":-14.13,"40":-14.94,"41":-15.34,"42":-15.0,"43":-15.57,"44":-16.28,"45":-16.49,"46":-16.3,"47":-18.15,"48":-18.82,"49":-21.2,"50":-20.88,"51":-21.16,"52":-21.39,"53":-31.16,"54":-43.36,"55":-44.36},"Index":{"0":"XLY","1":"XLY","2":"XLY","3":"XLY","4":"XLY","5":"XLY","6":"XLY","7":"XLY","8":"XLY","9":"XLY","10":"XLY","11":"XLY","12":"XLY","13":"XLY","14":"XLY","15":"XLY","16":"XLY","17":"XLY","18":"XLY","19":"XLY","20":"XLY","21":"XLY","22":"XLY","23":"XLY","24":"XLY","25":"XLY","26":"XLY","27":"XLY","28":"XLY","29":"XLY","30":"XLY","31":"XLY","32":"XLY","33":"XLY","34":"XLY","35":"XLY","36":"XLY","37":"XLY","38":"XLY","39":"XLY","40":"XLY","41":"XLY","42":"XLY","43":"XLY","44":"XLY","45":"XLY","46":"XLY","47":"XLY","48":"XLY","49":"XLY","50":"XLY","51":"XLY","52":"XLY","53":"XLY","54":"XLY","55":"XLY"}}