{"Ticker":{"0":"RCL","1":"AZO","2":"TSCO","3":"SBUX","4":"DRI","5":"RL","6":"ORLY","7":"NCLH","8":"TJX","9":"DLTR","10":"GPC","11":"LVS","12":"AAP","13":"WYNN","14":"LOW","15":"HLT","16":"NVR","17":"MGM","18":"DHI","19":"DG","20":"YUM","21":"MCD","22":"LEN","23":"HD","24":"ROST","25":"MAR","26":"CMG","27":"PHM","28":"ULTA","29":"BKNG","30":"LKQ","31":"ETSY","32":"EXPE","33":"APTV","34":"POOL","35":"BBY","36":"GRMN","37":"WHR","38":"TPR","39":"BWA","40":"TGT","41":"CZR","42":"AMZN","43":"MHK","44":"DPZ","45":"GM","46":"HAS","47":"EBAY","48":"NKE","49":"BBWI","50":"NWL","51":"TSLA","52":"CCL","53":"F","54":"VFC","55":"KMX"},"RSC":{"0":0.2229242349,"1":0.1802908992,"2":0.1742977846,"3":0.1708698054,"4":0.163008287,"5":0.1627934675,"6":0.1483310197,"7":0.1446005304,"8":0.1365662236,"9":0.1076000323,"10":0.1065339742,"11":0.1025599314,"12":0.0994436169,"13":0.093596551,"14":0.0932165091,"15":0.0921971322,"16":0.0875562336,"17":0.0847069284,"18":0.0831977809,"19":0.0790343308,"20":0.0760231259,"21":0.0699879787,"22":0.0642185644,"23":0.063828633,"24":0.0629001991,"25":0.0593694753,"26":0.0523646391,"27":0.0517153462,"28":0.0511895158,"29":0.0500214396,"30":0.046408596,"31":0.0365987641,"32":0.0362398212,"33":0.0351086769,"34":0.0349980787,"35":0.0314262969,"36":0.0285077374,"37":0.0145566203,"38":0.0141220105,"39":0.0109332523,"40":0.0020625891,"41":-0.0102665731,"42":-0.0145852878,"43":-0.0161204161,"44":-0.0179508629,"45":-0.032733151,"46":-0.0484959553,"47":-0.0531951613,"48":-0.0552923353,"49":-0.0566110424,"50":-0.0597244075,"51":-0.1023827385,"52":-0.1069827003,"53":-0.1378493855,"54":-0.2022606578,"55":-0.2148281587},"Price":{"0":45.11,"1":2289.79,"2":201.71,"3":88.9,"4":131.94,"5":94.94,"6":736.27,"7":13.18,"8":65.89,"9":137.17,"10":158.24,"11":35.69,"12":169.86,"13":57.3,"14":194.09,"15":126.41,"16":4034.74,"17":32.25,"18":69.97,"19":236.4,"20":109.98,"21":246.48,"22":74.49,"23":281.26,"24":84.21,"25":147.85,"26":1541.98,"27":38.33,"28":402.54,"29":1747.49,"30":50.6,"31":98.12,"32":95.28,"33":85.34,"34":318.47,"35":65.59,"36":81.78,"37":140.91,"38":31.37,"39":33.8,"40":149.25,"41":37.65,"42":113.79,"43":96.51,"44":321.16,"45":33.57,"46":67.71,"47":37.85,"48":89.97,"49":32.81,"50":14.91,"51":219.35,"52":7.27,"53":11.83,"54":29.55,"55":62.03},"Percent Change":{"0":13.97,"1":8.09,"2":7.86,"3":7.75,"4":6.97,"5":7.25,"6":5.02,"7":6.17,"8":4.22,"9":0.95,"10":1.0,"11":0.95,"12":0.38,"13":0.11,"14":-0.09,"15":0.05,"16":-0.68,"17":-0.41,"18":-0.91,"19":-2.11,"20":-2.04,"21":-2.9,"22":-2.81,"23":-3.08,"24":-2.79,"25":-3.21,"26":-4.19,"27":-3.99,"28":-4.56,"29":-3.91,"30":-4.76,"31":-5.06,"32":-5.26,"33":-5.16,"34":-5.64,"35":-5.88,"36":-6.52,"37":-7.7,"38":-7.58,"39":-8.11,"40":-8.95,"41":-8.83,"42":-10.15,"43":-10.8,"44":-11.33,"45":-12.15,"46":-14.47,"47":-14.52,"48":-14.38,"49":-14.62,"50":-15.24,"51":-18.69,"52":-18.75,"53":-22.77,"54":-29.46,"55":-29.77},"Index":{"0":"XLY","1":"XLY","2":"XLY","3":"XLY","4":"XLY","5":"XLY","6":"XLY","7":"XLY","8":"XLY","9":"XLY","10":"XLY","11":"XLY","12":"XLY","13":"XLY","14":"XLY","15":"XLY","16":"XLY","17":"XLY","18":"XLY","19":"XLY","20":"XLY","21":"XLY","22":"XLY","23":"XLY","24":"XLY","25":"XLY","26":"XLY","27":"XLY","28":"XLY","29":"XLY","30":"XLY","31":"XLY","32":"XLY","33":"XLY","34":"XLY","35":"XLY","36":"XLY","37":"XLY","38":"XLY","39":"XLY","40":"XLY","41":"XLY","42":"XLY","43":"XLY","44":"XLY","45":"XLY","46":"XLY","47":"XLY","48":"XLY","49":"XLY","50":"XLY","51":"XLY","52":"XLY","53":"XLY","54":"XLY","55":"XLY"}}