{"Ticker":{"0":"RCL","1":"TSCO","2":"AZO","3":"DRI","4":"RL","5":"ORLY","6":"NCLH","7":"SBUX","8":"TJX","9":"DLTR","10":"AAP","11":"GPC","12":"DG","13":"WYNN","14":"LVS","15":"LOW","16":"DHI","17":"HLT","18":"NVR","19":"LEN","20":"MCD","21":"MGM","22":"HD","23":"YUM","24":"CMG","25":"MAR","26":"PHM","27":"LKQ","28":"ULTA","29":"ROST","30":"POOL","31":"BKNG","32":"WHR","33":"GRMN","34":"MHK","35":"BBY","36":"EXPE","37":"BWA","38":"TGT","39":"ETSY","40":"TPR","41":"APTV","42":"DPZ","43":"GM","44":"BBWI","45":"CZR","46":"HAS","47":"NWL","48":"AMZN","49":"NKE","50":"EBAY","51":"CCL","52":"F","53":"TSLA","54":"VFC","55":"KMX"},"RSC":{"0":0.2623898792,"1":0.2049552767,"2":0.2021785516,"3":0.1909898904,"4":0.1856855493,"5":0.185484134,"6":0.1849042631,"7":0.161910925,"8":0.1443856026,"9":0.1422888582,"10":0.1378907569,"11":0.1344964814,"12":0.1274035371,"13":0.1256587777,"14":0.1245241737,"15":0.1141014735,"16":0.1136908152,"17":0.1090115234,"18":0.1083947961,"19":0.1039570691,"20":0.0974175501,"21":0.0952260906,"22":0.0902437994,"23":0.0819685087,"24":0.081349458,"25":0.0805443656,"26":0.078062768,"27":0.0766207479,"28":0.0764377327,"29":0.0693633557,"30":0.0565325893,"31":0.04603439,"32":0.04145849,"33":0.0384165608,"34":0.0369257045,"35":0.0357366672,"36":0.0348386684,"37":0.0326714929,"38":0.0253743511,"39":0.0220249991,"40":0.0164774004,"41":0.0124619271,"42":0.0029384759,"43":-0.0066937883,"44":-0.0120391763,"45":-0.022733646,"46":-0.0229994601,"47":-0.0257158667,"48":-0.0307083679,"49":-0.0378094928,"50":-0.0397660871,"51":-0.0754297649,"52":-0.1047546852,"53":-0.1467471143,"54":-0.1899998833,"55":-0.2134441988},"Price":{"0":44.61,"1":198.68,"2":2255.17,"3":130.02,"4":92.54,"5":731.91,"6":13.03,"7":86.37,"8":63.55,"9":136.08,"10":168.57,"11":154.49,"12":236.6,"13":56.35,"14":35.22,"15":188.96,"16":68.65,"17":122.58,"18":3945.82,"19":73.46,"20":243.16,"21":30.64,"22":276.43,"23":106.77,"24":1508.41,"25":143.53,"26":37.58,"27":49.6,"28":394.24,"29":81.45,"30":307.03,"31":1670.49,"32":139.21,"33":79.44,"34":96.25,"35":63.35,"36":90.27,"37":33.21,"38":145.69,"39":92.45,"40":30.27,"41":81.39,"42":317.34,"43":32.89,"44":32.64,"45":35.33,"46":66.6,"47":14.64,"48":106.9,"49":87.55,"50":37.08,"51":7.13,"52":11.67,"53":204.99,"54":28.95,"55":60.2},"Percent Change":{"0":13.04,"1":6.04,"2":5.41,"3":4.89,"4":4.61,"5":3.89,"6":5.33,"7":1.94,"8":0.04,"9":-0.43,"10":-0.63,"11":-1.12,"12":-2.09,"13":-1.58,"14":-1.72,"15":-2.93,"16":-2.77,"17":-3.21,"18":-3.51,"19":-3.72,"20":-5.03,"21":-4.4,"22":-5.33,"23":-6.38,"24":-6.21,"25":-6.04,"26":-6.25,"27":-6.64,"28":-6.95,"29":-7.1,"30":-8.46,"31":-9.3,"32":-9.87,"33":-10.46,"34":-10.34,"35":-10.4,"36":-10.45,"37":-10.82,"38":-11.54,"39":-11.58,"40":-12.3,"41":-12.42,"42":-14.1,"43":-14.45,"44":-15.01,"45":-15.16,"46":-16.8,"47":-16.74,"48":-16.84,"49":-17.56,"50":-18.07,"51":-20.5,"52":-24.34,"53":-28.21,"54":-33.13,"55":-34.56},"Index":{"0":"XLY","1":"XLY","2":"XLY","3":"XLY","4":"XLY","5":"XLY","6":"XLY","7":"XLY","8":"XLY","9":"XLY","10":"XLY","11":"XLY","12":"XLY","13":"XLY","14":"XLY","15":"XLY","16":"XLY","17":"XLY","18":"XLY","19":"XLY","20":"XLY","21":"XLY","22":"XLY","23":"XLY","24":"XLY","25":"XLY","26":"XLY","27":"XLY","28":"XLY","29":"XLY","30":"XLY","31":"XLY","32":"XLY","33":"XLY","34":"XLY","35":"XLY","36":"XLY","37":"XLY","38":"XLY","39":"XLY","40":"XLY","41":"XLY","42":"XLY","43":"XLY","44":"XLY","45":"XLY","46":"XLY","47":"XLY","48":"XLY","49":"XLY","50":"XLY","51":"XLY","52":"XLY","53":"XLY","54":"XLY","55":"XLY"}}