{"Ticker":{"0":"RCL","1":"NCLH","2":"AZO","3":"DRI","4":"LVS","5":"ORLY","6":"DLTR","7":"TJX","8":"GPC","9":"SBUX","10":"DG","11":"MCD","12":"RL","13":"MGM","14":"AAP","15":"HLT","16":"TSCO","17":"NVR","18":"YUM","19":"LKQ","20":"DHI","21":"WYNN","22":"BKNG","23":"MAR","24":"LEN","25":"ETSY","26":"APTV","27":"GRMN","28":"PHM","29":"CMG","30":"HD","31":"TGT","32":"BWA","33":"ROST","34":"DPZ","35":"EXPE","36":"AMZN","37":"TPR","38":"LOW","39":"ULTA","40":"BBY","41":"EBAY","42":"NWL","43":"WHR","44":"BBWI","45":"CCL","46":"MHK","47":"GM","48":"CZR","49":"HAS","50":"POOL","51":"NKE","52":"F","53":"TSLA","54":"VFC","55":"KMX"},"RSC":{"0":0.2351343064,"1":0.1886521681,"2":0.1876389378,"3":0.1783202496,"4":0.1723443555,"5":0.1593579738,"6":0.1396656412,"7":0.1375279826,"8":0.1293890346,"9":0.1255668583,"10":0.1176066423,"11":0.1163225678,"12":0.1151369752,"13":0.1100140195,"14":0.1079967205,"15":0.1058361301,"16":0.1038688692,"17":0.1002448914,"18":0.0961186454,"19":0.0960243487,"20":0.0882528167,"21":0.0880315353,"22":0.0832007612,"23":0.0787258784,"24":0.0704359987,"25":0.0627080526,"26":0.0587793749,"27":0.0559200956,"28":0.0521375128,"29":0.0489875188,"30":0.0487235092,"31":0.0478825013,"32":0.0460634669,"33":0.0421223507,"34":0.0414128231,"35":0.0405451039,"36":0.0349550062,"37":0.0297393037,"38":0.0246704087,"39":0.0015855561,"40":-0.005080222,"41":-0.0082154204,"42":-0.0132488149,"43":-0.0139615857,"44":-0.0214298447,"45":-0.0230270121,"46":-0.023340886,"47":-0.0333903665,"48":-0.042367137,"49":-0.0611245297,"50":-0.0617927712,"51":-0.0640355533,"52":-0.1084215804,"53":-0.1713288096,"54":-0.2640899071,"55":-0.2680119896},"Price":{"0":47.52,"1":14.23,"2":2258.83,"3":132.23,"4":37.59,"5":730.92,"6":139.03,"7":65.36,"8":157.87,"9":86.79,"10":237.22,"11":249.77,"12":89.7,"13":32.46,"14":170.28,"15":126.55,"16":189.53,"17":3959.55,"18":109.66,"19":50.08,"20":67.14,"21":56.13,"22":1773.62,"23":147.52,"24":71.38,"25":97.44,"26":84.66,"27":80.86,"28":36.59,"29":1536.2,"30":269.46,"31":154.4,"32":33.77,"33":82.49,"34":319.5,"35":93.15,"36":115.25,"37":30.48,"38":178.3,"39":381.59,"40":62.85,"41":37.62,"42":14.73,"43":131.33,"44":32.73,"45":8.0,"46":92.5,"47":33.44,"48":37.41,"49":64.11,"50":283.92,"51":86.83,"52":11.77,"53":207.28,"54":27.58,"55":56.47},"Percent Change":{"0":9.7,"1":5.07,"2":3.34,"3":2.95,"4":2.27,"5":0.64,"6":-1.34,"7":-1.22,"8":-2.19,"9":-2.33,"10":-3.76,"11":-3.75,"12":-3.0,"13":-3.39,"14":-4.22,"15":-4.08,"16":-4.66,"17":-4.84,"18":-5.51,"19":-5.28,"20":-5.78,"21":-6.05,"22":-6.12,"23":-6.78,"24":-7.56,"25":-7.97,"26":-8.26,"27":-9.26,"28":-9.31,"29":-10.06,"30":-10.02,"31":-9.85,"32":-10.12,"33":-10.45,"34":-10.75,"35":-10.26,"36":-10.68,"37":-11.53,"38":-12.42,"39":-14.99,"40":-14.97,"41":-15.52,"42":-15.99,"43":-15.9,"44":-16.58,"45":-15.81,"46":-16.97,"47":-17.71,"48":-17.53,"49":-21.24,"50":-20.7,"51":-20.74,"52":-25.28,"53":-31.02,"54":-41.14,"55":-40.59},"Index":{"0":"XLY","1":"XLY","2":"XLY","3":"XLY","4":"XLY","5":"XLY","6":"XLY","7":"XLY","8":"XLY","9":"XLY","10":"XLY","11":"XLY","12":"XLY","13":"XLY","14":"XLY","15":"XLY","16":"XLY","17":"XLY","18":"XLY","19":"XLY","20":"XLY","21":"XLY","22":"XLY","23":"XLY","24":"XLY","25":"XLY","26":"XLY","27":"XLY","28":"XLY","29":"XLY","30":"XLY","31":"XLY","32":"XLY","33":"XLY","34":"XLY","35":"XLY","36":"XLY","37":"XLY","38":"XLY","39":"XLY","40":"XLY","41":"XLY","42":"XLY","43":"XLY","44":"XLY","45":"XLY","46":"XLY","47":"XLY","48":"XLY","49":"XLY","50":"XLY","51":"XLY","52":"XLY","53":"XLY","54":"XLY","55":"XLY"}}