{"Ticker":{"0":"ORLY","1":"AZO","2":"TSCO","3":"DLTR","4":"GPC","5":"AAP","6":"LKQ","7":"TJX","8":"DHI","9":"DRI","10":"LEN","11":"HD","12":"NCLH","13":"DG","14":"ROST","15":"MCD","16":"NVR","17":"LOW","18":"RCL","19":"PHM","20":"TGT","21":"MGM","22":"RL","23":"BWA","24":"YUM","25":"GRMN","26":"HLT","27":"MHK","28":"MAR","29":"TPR","30":"DPZ","31":"ULTA","32":"GM","33":"NWL","34":"BKNG","35":"EBAY","36":"POOL","37":"WHR","38":"SBUX","39":"BBY","40":"APTV","41":"ETSY","42":"LVS","43":"CZR","44":"EXPE","45":"BBWI","46":"F","47":"AMZN","48":"WYNN","49":"NKE","50":"CMG","51":"HAS","52":"CCL","53":"KMX","54":"TSLA","55":"VFC"},"RSC":{"0":0.2639579266,"1":0.2621834404,"2":0.2349104899,"3":0.2233799296,"4":0.2214396012,"5":0.2128024888,"6":0.2117772005,"7":0.1978625887,"8":0.1850056085,"9":0.1820545873,"10":0.178500193,"11":0.1654249037,"12":0.1599454424,"13":0.1515509726,"14":0.1505427285,"15":0.1426358936,"16":0.1354607437,"17":0.1154649851,"18":0.1125405747,"19":0.1115500081,"20":0.1071677096,"21":0.100816228,"22":0.0919122846,"23":0.0914337744,"24":0.0854313467,"25":0.0828294119,"26":0.0827991393,"27":0.068504743,"28":0.0576526715,"29":0.0503322371,"30":0.0501564868,"31":0.0470500259,"32":0.0360119397,"33":0.0308872602,"34":0.0307825754,"35":0.0268991773,"36":0.021289321,"37":0.0196700772,"38":0.0182254035,"39":0.0130472828,"40":0.0083585505,"41":0.0011233614,"42":-0.0040785208,"43":-0.0076749793,"44":-0.0094383699,"45":-0.0155674804,"46":-0.030399801,"47":-0.0336086584,"48":-0.0366503747,"49":-0.050983325,"50":-0.0568710446,"51":-0.0829293489,"52":-0.0851037937,"53":-0.1858914257,"54":-0.1968984484,"55":-0.2887143803},"Price":{"0":813.22,"1":2521.77,"2":215.58,"3":156.21,"4":174.98,"5":188.08,"6":54.9,"7":71.91,"8":75.78,"9":140.73,"10":79.46,"11":291.06,"12":15.93,"13":253.54,"14":94.6,"15":265.11,"16":4159.52,"17":193.66,"18":50.32,"19":39.23,"20":166.9,"21":34.5,"22":91.82,"23":36.88,"24":113.91,"25":85.94,"26":133.4,"27":98.25,"28":156.25,"29":31.71,"30":331.5,"31":402.24,"32":38.16,"33":15.67,"34":1833.74,"35":39.85,"36":304.23,"37":135.03,"38":85.28,"39":65.84,"40":88.51,"41":100.91,"42":35.05,"43":41.51,"44":96.57,"45":33.32,"46":13.0,"47":110.96,"48":55.79,"49":90.54,"50":1466.94,"51":65.11,"52":8.65,"53":62.06,"54":225.09,"55":27.42},"Percent Change":{"0":16.99,"1":16.72,"2":14.45,"3":12.94,"4":12.98,"5":12.12,"6":12.14,"7":10.79,"8":9.81,"9":9.15,"10":9.05,"11":7.47,"12":8.21,"13":5.6,"14":6.35,"15":4.82,"16":4.62,"17":2.51,"18":3.31,"19":2.44,"20":2.01,"21":1.45,"22":0.51,"23":0.33,"24":-0.66,"25":-0.71,"26":-0.59,"27":-1.91,"28":-3.0,"29":-3.59,"30":-3.95,"31":-4.53,"32":-4.79,"33":-5.76,"34":-5.53,"35":-6.27,"36":-6.65,"37":-6.9,"38":-7.09,"39":-7.37,"40":-7.38,"41":-8.4,"42":-9.46,"43":-8.37,"44":-9.32,"45":-10.12,"46":-11.54,"47":-11.82,"48":-12.46,"49":-13.64,"50":-14.67,"51":-17.51,"52":-16.09,"53":-26.59,"54":-27.68,"55":-37.8},"Index":{"0":"XLY","1":"XLY","2":"XLY","3":"XLY","4":"XLY","5":"XLY","6":"XLY","7":"XLY","8":"XLY","9":"XLY","10":"XLY","11":"XLY","12":"XLY","13":"XLY","14":"XLY","15":"XLY","16":"XLY","17":"XLY","18":"XLY","19":"XLY","20":"XLY","21":"XLY","22":"XLY","23":"XLY","24":"XLY","25":"XLY","26":"XLY","27":"XLY","28":"XLY","29":"XLY","30":"XLY","31":"XLY","32":"XLY","33":"XLY","34":"XLY","35":"XLY","36":"XLY","37":"XLY","38":"XLY","39":"XLY","40":"XLY","41":"XLY","42":"XLY","43":"XLY","44":"XLY","45":"XLY","46":"XLY","47":"XLY","48":"XLY","49":"XLY","50":"XLY","51":"XLY","52":"XLY","53":"XLY","54":"XLY","55":"XLY"}}