{"Ticker":{"0":"CCL","1":"NCLH","2":"RCL","3":"MGM","4":"LVS","5":"BKNG","6":"MAR","7":"CZR","8":"HLT","9":"AMZN","10":"GM","11":"EXPE","12":"APTV","13":"ETSY","14":"MCD","15":"BWA","16":"GPC","17":"NWL","18":"GRMN","19":"TGT","20":"TJX","21":"F","22":"YUM","23":"DRI","24":"AAP","25":"LKQ","26":"ORLY","27":"EBAY","28":"AZO","29":"DLTR","30":"CMG","31":"WYNN","32":"NVR","33":"DG","34":"TPR","35":"BBY","36":"SBUX","37":"NKE","38":"ROST","39":"DPZ","40":"MHK","41":"ULTA","42":"BBWI","43":"RL","44":"HD","45":"DHI","46":"VFC","47":"PHM","48":"HAS","49":"LEN","50":"TSLA","51":"TSCO","52":"LOW","53":"WHR","54":"KMX","55":"POOL"},"RSC":{"0":0.142866301,"1":0.114523064,"2":0.0793529059,"3":0.0714459245,"4":0.0690778651,"5":0.0630518874,"6":0.0459404637,"7":0.045334018,"8":0.0437614183,"9":0.0399105512,"10":0.0371859626,"11":0.0342665097,"12":0.0303376463,"13":0.029928167,"14":0.0284813887,"15":0.0251679293,"16":0.024396423,"17":0.0225359926,"18":0.0213061297,"19":0.0183532,"20":0.0182990763,"21":0.0164517581,"22":0.0154291629,"23":0.0104032437,"24":0.0087760009,"25":0.0074863708,"26":0.0069051791,"27":0.0068469064,"28":0.005562504,"29":0.0054525562,"30":0.0017479504,"31":0.0007925586,"32":-0.0028842782,"33":-0.0040145509,"34":-0.0040183977,"35":-0.0099155318,"36":-0.0136484851,"37":-0.0151981417,"38":-0.0197165306,"39":-0.0262103685,"40":-0.0270380776,"41":-0.0276932103,"42":-0.030507263,"43":-0.0320227856,"44":-0.0323781711,"45":-0.0336033728,"46":-0.0394044119,"47":-0.0427166666,"48":-0.0434698223,"49":-0.0471208115,"50":-0.0492926216,"51":-0.051917736,"52":-0.0581419308,"53":-0.0706044152,"54":-0.0827015962,"55":-0.1074523904},"Price":{"0":8.0,"1":14.23,"2":47.52,"3":32.46,"4":37.59,"5":1773.62,"6":147.52,"7":37.41,"8":126.55,"9":115.25,"10":33.44,"11":93.15,"12":84.66,"13":97.44,"14":249.77,"15":33.77,"16":157.87,"17":14.73,"18":80.86,"19":154.4,"20":65.36,"21":11.77,"22":109.66,"23":132.23,"24":170.28,"25":50.08,"26":730.92,"27":37.62,"28":2258.83,"29":139.03,"30":1536.2,"31":56.13,"32":3959.55,"33":237.22,"34":30.48,"35":62.85,"36":86.79,"37":86.83,"38":82.49,"39":319.5,"40":92.5,"41":381.59,"42":32.73,"43":89.7,"44":269.46,"45":67.14,"46":27.58,"47":36.59,"48":64.11,"49":71.38,"50":207.28,"51":189.53,"52":178.3,"53":131.33,"54":56.47,"55":283.92},"Percent Change":{"0":12.74,"1":9.85,"2":6.37,"3":5.65,"4":5.19,"5":4.83,"6":3.03,"7":3.25,"8":2.84,"9":2.75,"10":2.11,"11":2.09,"12":1.69,"13":1.7,"14":1.25,"15":0.92,"16":0.9,"17":0.68,"18":0.62,"19":0.51,"20":0.4,"21":0.08,"22":0.08,"23":-0.51,"24":-0.68,"25":-0.76,"26":-0.95,"27":-0.82,"28":-1.02,"29":-0.99,"30":-1.34,"31":-1.57,"32":-1.74,"33":-2.03,"34":-1.86,"35":-2.42,"36":-2.81,"37":-3.0,"38":-3.34,"39":-4.04,"40":-4.28,"41":-4.29,"42":-4.5,"43":-4.69,"44":-4.71,"45":-4.77,"46":-5.45,"47":-5.65,"48":-5.93,"49":-6.11,"50":-5.96,"51":-6.67,"52":-7.24,"53":-8.46,"54":-9.68,"55":-11.98},"Index":{"0":"XLY","1":"XLY","2":"XLY","3":"XLY","4":"XLY","5":"XLY","6":"XLY","7":"XLY","8":"XLY","9":"XLY","10":"XLY","11":"XLY","12":"XLY","13":"XLY","14":"XLY","15":"XLY","16":"XLY","17":"XLY","18":"XLY","19":"XLY","20":"XLY","21":"XLY","22":"XLY","23":"XLY","24":"XLY","25":"XLY","26":"XLY","27":"XLY","28":"XLY","29":"XLY","30":"XLY","31":"XLY","32":"XLY","33":"XLY","34":"XLY","35":"XLY","36":"XLY","37":"XLY","38":"XLY","39":"XLY","40":"XLY","41":"XLY","42":"XLY","43":"XLY","44":"XLY","45":"XLY","46":"XLY","47":"XLY","48":"XLY","49":"XLY","50":"XLY","51":"XLY","52":"XLY","53":"XLY","54":"XLY","55":"XLY"}}