{"Ticker":{"0":"ROST","1":"GM","2":"TSCO","3":"DHI","4":"DLTR","5":"NCLH","6":"AZO","7":"ORLY","8":"LEN","9":"CZR","10":"GPC","11":"AAP","12":"F","13":"KMX","14":"TJX","15":"LKQ","16":"BWA","17":"TSLA","18":"LOW","19":"CCL","20":"TGT","21":"HD","22":"POOL","23":"PHM","24":"DG","25":"DRI","26":"NWL","27":"MGM","28":"GRMN","29":"MCD","30":"MHK","31":"EBAY","32":"MAR","33":"RCL","34":"HLT","35":"ULTA","36":"NVR","37":"BBY","38":"APTV","39":"NKE","40":"TPR","41":"YUM","42":"DPZ","43":"EXPE","44":"ETSY","45":"BKNG","46":"WHR","47":"RL","48":"BBWI","49":"HAS","50":"WYNN","51":"VFC","52":"SBUX","53":"AMZN","54":"CMG","55":"LVS"},"RSC":{"0":0.0926294882,"1":0.087287674,"2":0.0845177673,"3":0.0762277218,"4":0.0716854759,"5":0.0677646663,"6":0.066419933,"7":0.0629080271,"8":0.0622277598,"9":0.0598564771,"10":0.0588099423,"11":0.0551695845,"12":0.0541656593,"13":0.0512074776,"14":0.0503527567,"15":0.046951188,"16":0.0430426359,"17":0.0375383995,"18":0.0373841888,"19":0.0328572799,"20":0.0324040198,"21":0.0318341383,"22":0.0246100769,"23":0.0243384265,"24":0.0214415058,"25":0.0174849968,"26":0.0164331577,"27":0.0157214844,"28":0.0154929276,"29":0.0150271936,"30":0.0148436667,"31":0.0124755115,"32":0.01225976,"33":0.0116788902,"34":0.0079053793,"35":0.0076234962,"36":0.0042493512,"37":0.001045419,"38":-0.0010305668,"39":-0.0033068428,"40":-0.0051093176,"41":-0.0068481431,"42":-0.0078559819,"43":-0.0092102337,"44":-0.0104529099,"45":-0.0121338323,"46":-0.0173058724,"47":-0.0214301154,"48":-0.0255771166,"49":-0.0300400119,"50":-0.0503756682,"51":-0.0508180197,"52":-0.0611968889,"53":-0.0821179936,"54":-0.0896264357,"55":-0.1084635338},"Price":{"0":94.6,"1":38.16,"2":215.58,"3":75.78,"4":156.21,"5":15.93,"6":2521.77,"7":813.22,"8":79.46,"9":41.51,"10":174.98,"11":188.08,"12":13.0,"13":62.06,"14":71.91,"15":54.9,"16":36.88,"17":225.09,"18":193.66,"19":8.65,"20":166.9,"21":291.06,"22":304.23,"23":39.23,"24":253.54,"25":140.73,"26":15.67,"27":34.5,"28":85.94,"29":265.11,"30":98.25,"31":39.85,"32":156.25,"33":50.32,"34":133.4,"35":402.24,"36":4159.52,"37":65.84,"38":88.51,"39":90.54,"40":31.71,"41":113.91,"42":331.5,"43":96.57,"44":100.91,"45":1833.74,"46":135.03,"47":91.82,"48":33.32,"49":65.11,"50":55.79,"51":27.42,"52":85.28,"53":110.96,"54":1466.94,"55":35.05},"Percent Change":{"0":14.01,"1":13.42,"2":13.15,"3":12.37,"4":11.84,"5":11.49,"6":11.22,"7":10.85,"8":10.93,"9":10.73,"10":10.48,"11":10.09,"12":10.08,"13":9.74,"14":9.66,"15":9.32,"16":8.91,"17":8.45,"18":8.38,"19":7.96,"20":7.88,"21":7.81,"22":7.0,"23":7.11,"24":6.72,"25":6.28,"26":6.26,"27":6.2,"28":6.16,"29":6.03,"30":6.18,"31":5.8,"32":5.84,"33":5.82,"34":5.37,"35":5.32,"36":5.13,"37":4.7,"38":4.53,"39":4.31,"40":4.17,"41":3.87,"42":3.77,"43":3.77,"44":3.59,"45":3.45,"46":2.85,"47":2.51,"48":2.2,"49":1.61,"50":-0.38,"51":-0.49,"52":-1.56,"53":-3.56,"54":-4.33,"55":-6.32},"Index":{"0":"XLY","1":"XLY","2":"XLY","3":"XLY","4":"XLY","5":"XLY","6":"XLY","7":"XLY","8":"XLY","9":"XLY","10":"XLY","11":"XLY","12":"XLY","13":"XLY","14":"XLY","15":"XLY","16":"XLY","17":"XLY","18":"XLY","19":"XLY","20":"XLY","21":"XLY","22":"XLY","23":"XLY","24":"XLY","25":"XLY","26":"XLY","27":"XLY","28":"XLY","29":"XLY","30":"XLY","31":"XLY","32":"XLY","33":"XLY","34":"XLY","35":"XLY","36":"XLY","37":"XLY","38":"XLY","39":"XLY","40":"XLY","41":"XLY","42":"XLY","43":"XLY","44":"XLY","45":"XLY","46":"XLY","47":"XLY","48":"XLY","49":"XLY","50":"XLY","51":"XLY","52":"XLY","53":"XLY","54":"XLY","55":"XLY"}}