{"Ticker":{"0":"APTV","1":"CZR","2":"PHM","3":"POOL","4":"MHK","5":"WHR","6":"EBAY","7":"SBUX","8":"DHI","9":"LOW","10":"EXPE","11":"BWA","12":"MGM","13":"LEN","14":"KMX","15":"NVR","16":"CCL","17":"HD","18":"ETSY","19":"VFC","20":"NKE","21":"LVS","22":"GRMN","23":"TPR","24":"WYNN","25":"AMZN","26":"MAR","27":"RCL","28":"BBY","29":"F","30":"BKNG","31":"HLT","32":"NWL","33":"CMG","34":"RL","35":"ROST","36":"BBWI","37":"LKQ","38":"DLTR","39":"TJX","40":"DRI","41":"YUM","42":"GM","43":"ORLY","44":"GPC","45":"TGT","46":"ULTA","47":"DG","48":"DPZ","49":"MCD","50":"NCLH","51":"AZO","52":"TSCO","53":"AAP","54":"HAS","55":"TSLA"},"RSC":{"0":0.1413513063,"1":0.129960974,"2":0.12622557,"3":0.1190734939,"4":0.1164394209,"5":0.1100660074,"6":0.1029916127,"7":0.0992831728,"8":0.0953361989,"9":0.0903959726,"10":0.0864695618,"11":0.0842049477,"12":0.0813499976,"13":0.0762222888,"14":0.0713527892,"15":0.07116503,"16":0.0673903301,"17":0.0642071794,"18":0.0632955268,"19":0.0619671578,"20":0.0590052467,"21":0.0454296211,"22":0.0452836057,"23":0.0445508476,"24":0.0437605892,"25":0.0416850096,"26":0.0378551383,"27":0.0348618807,"28":0.0331855016,"29":0.0290466942,"30":0.0271190111,"31":0.0247615895,"32":0.0187554278,"33":0.0171568051,"34":0.0138392686,"35":0.0130368667,"36":0.0114950848,"37":0.0095745549,"38":0.0070061746,"39":0.0049329506,"40":0.0036919274,"41":0.0016296266,"42":-0.0063451852,"43":-0.0068262293,"44":-0.0081290239,"45":-0.0096320643,"46":-0.0182170102,"47":-0.0190878288,"48":-0.0206295198,"49":-0.0241830823,"50":-0.0298697821,"51":-0.039818367,"52":-0.040367927,"53":-0.0413569617,"54":-0.0508672614,"55":-0.1563347858},"Price":{"0":109.32,"1":50.62,"2":43.78,"3":339.31,"4":102.44,"5":149.65,"6":44.66,"7":96.26,"8":83.92,"9":204.32,"10":99.04,"11":40.97,"12":35.31,"13":88.4,"14":70.65,"15":4529.73,"16":9.78,"17":311.7,"18":110.21,"19":29.93,"20":99.49,"21":41.05,"22":91.31,"23":32.54,"24":72.0,"25":96.63,"26":157.98,"27":57.72,"28":72.03,"29":14.18,"30":1946.51,"31":136.62,"32":13.45,"33":1470.92,"34":95.45,"35":97.13,"36":34.43,"37":54.12,"38":163.12,"39":74.0,"40":145.33,"41":124.13,"42":39.74,"43":843.85,"44":182.2,"45":164.38,"46":423.58,"47":253.94,"48":357.82,"49":275.88,"50":17.09,"51":2467.66,"52":210.59,"53":183.53,"54":60.39,"55":190.72},"Percent Change":{"0":18.65,"1":17.83,"2":17.12,"3":16.36,"4":16.26,"5":15.19,"6":14.61,"7":13.9,"8":13.77,"9":13.24,"10":13.04,"11":12.44,"12":12.17,"13":12.0,"14":11.28,"15":11.49,"16":11.46,"17":10.59,"18":11.14,"19":10.71,"20":10.1,"21":8.37,"22":8.59,"23":8.46,"24":8.43,"25":8.69,"26":7.74,"27":7.84,"28":7.41,"29":6.99,"30":6.57,"31":6.4,"32":5.98,"33":5.76,"34":5.52,"35":5.32,"36":5.68,"37":4.75,"38":4.71,"39":4.45,"40":4.21,"41":3.84,"42":3.29,"43":2.98,"44":2.91,"45":3.24,"46":1.95,"47":2.05,"48":1.9,"49":1.08,"50":1.38,"51":-0.41,"52":-0.23,"53":-0.18,"54":-1.07,"55":-11.36},"Index":{"0":"XLY","1":"XLY","2":"XLY","3":"XLY","4":"XLY","5":"XLY","6":"XLY","7":"XLY","8":"XLY","9":"XLY","10":"XLY","11":"XLY","12":"XLY","13":"XLY","14":"XLY","15":"XLY","16":"XLY","17":"XLY","18":"XLY","19":"XLY","20":"XLY","21":"XLY","22":"XLY","23":"XLY","24":"XLY","25":"XLY","26":"XLY","27":"XLY","28":"XLY","29":"XLY","30":"XLY","31":"XLY","32":"XLY","33":"XLY","34":"XLY","35":"XLY","36":"XLY","37":"XLY","38":"XLY","39":"XLY","40":"XLY","41":"XLY","42":"XLY","43":"XLY","44":"XLY","45":"XLY","46":"XLY","47":"XLY","48":"XLY","49":"XLY","50":"XLY","51":"XLY","52":"XLY","53":"XLY","54":"XLY","55":"XLY"}}