{"Ticker":{"0":"CCL","1":"ETSY","2":"VFC","3":"CZR","4":"MHK","5":"KMX","6":"EBAY","7":"POOL","8":"WHR","9":"NKE","10":"RCL","11":"APTV","12":"EXPE","13":"PHM","14":"BWA","15":"LOW","16":"AMZN","17":"DHI","18":"TGT","19":"LEN","20":"SBUX","21":"CMG","22":"WYNN","23":"BBY","24":"MGM","25":"BKNG","26":"HLT","27":"MAR","28":"NCLH","29":"RL","30":"TPR","31":"DPZ","32":"LVS","33":"HD","34":"GRMN","35":"NVR","36":"NWL","37":"F","38":"BBWI","39":"DLTR","40":"DRI","41":"LKQ","42":"TSCO","43":"TJX","44":"ROST","45":"GM","46":"ULTA","47":"AAP","48":"YUM","49":"GPC","50":"ORLY","51":"MCD","52":"DG","53":"AZO","54":"TSLA","55":"HAS"},"RSC":{"0":0.1505455029,"1":0.1494250671,"2":0.1202585775,"3":0.1159281799,"4":0.1034408631,"5":0.0913301607,"6":0.0795204361,"7":0.0742268669,"8":0.0679220891,"9":0.0670163823,"10":0.0669009114,"11":0.0567777787,"12":0.0525236199,"13":0.0509067967,"14":0.0485778593,"15":0.0483676457,"16":0.0407974332,"17":0.0396584346,"18":0.0366026906,"19":0.0365321524,"20":0.036367446,"21":0.0359832787,"22":0.034478314,"23":0.0338315884,"24":0.0335297261,"25":0.0327567026,"26":0.0310242711,"27":0.0286083096,"28":0.0276019347,"29":0.0270629526,"30":0.0253105832,"31":0.0187987807,"32":0.0117279055,"33":0.01137967,"34":0.0083357333,"35":0.0079509143,"36":-0.0067206104,"37":-0.008163366,"38":-0.0121899016,"39":-0.0168790621,"40":-0.0231429436,"41":-0.0242551608,"42":-0.0249998803,"43":-0.02701889,"44":-0.0279909315,"45":-0.0305939994,"46":-0.0357992215,"47":-0.0406046365,"48":-0.0417026551,"49":-0.0433128707,"50":-0.0474315292,"51":-0.0554797838,"52":-0.0611604461,"53":-0.0640790934,"54":-0.0750051702,"55":-0.1278516175},"Price":{"0":10.6,"1":119.74,"2":33.11,"3":51.51,"4":105.32,"5":73.97,"6":45.91,"7":340.89,"8":152.94,"9":104.39,"10":58.07,"11":109.63,"12":98.61,"13":42.51,"14":41.98,"15":204.66,"16":98.49,"17":81.49,"18":173.26,"19":85.74,"20":97.42,"21":1513.12,"22":78.07,"23":74.26,"24":36.95,"25":1979.25,"26":138.76,"27":159.53,"28":17.87,"29":101.34,"30":34.25,"31":370.23,"32":43.0,"33":306.92,"34":91.28,"35":4354.74,"36":13.64,"37":14.06,"38":33.06,"39":164.5,"40":142.53,"41":53.63,"42":212.78,"43":73.06,"44":94.63,"45":39.93,"46":422.62,"47":183.78,"48":122.6,"49":179.77,"50":824.92,"51":272.27,"52":246.93,"53":2446.88,"54":190.95,"55":57.16},"Percent Change":{"0":20.44,"1":20.44,"2":17.39,"3":17.15,"4":15.79,"5":14.06,"6":12.97,"7":12.64,"8":11.72,"9":11.63,"10":11.64,"11":10.84,"12":10.34,"13":10.28,"14":9.55,"15":9.74,"16":9.33,"17":8.88,"18":8.6,"19":8.66,"20":8.16,"21":8.29,"22":8.26,"23":8.16,"24":8.01,"25":7.81,"26":7.7,"27":7.53,"28":7.83,"29":7.67,"30":7.32,"31":6.45,"32":5.7,"33":5.99,"34":5.58,"35":5.78,"36":4.19,"37":3.95,"38":4.18,"39":2.98,"40":2.03,"41":2.01,"42":1.9,"43":1.89,"44":1.81,"45":1.59,"46":0.86,"47":0.59,"48":0.09,"49":-0.08,"50":-0.56,"51":-1.49,"52":-1.57,"53":-2.3,"54":-2.52,"55":-7.9},"Index":{"0":"XLY","1":"XLY","2":"XLY","3":"XLY","4":"XLY","5":"XLY","6":"XLY","7":"XLY","8":"XLY","9":"XLY","10":"XLY","11":"XLY","12":"XLY","13":"XLY","14":"XLY","15":"XLY","16":"XLY","17":"XLY","18":"XLY","19":"XLY","20":"XLY","21":"XLY","22":"XLY","23":"XLY","24":"XLY","25":"XLY","26":"XLY","27":"XLY","28":"XLY","29":"XLY","30":"XLY","31":"XLY","32":"XLY","33":"XLY","34":"XLY","35":"XLY","36":"XLY","37":"XLY","38":"XLY","39":"XLY","40":"XLY","41":"XLY","42":"XLY","43":"XLY","44":"XLY","45":"XLY","46":"XLY","47":"XLY","48":"XLY","49":"XLY","50":"XLY","51":"XLY","52":"XLY","53":"XLY","54":"XLY","55":"XLY"}}