{"Ticker":{"0":"BBWI","1":"ROST","2":"BBY","3":"HAS","4":"TPR","5":"DPZ","6":"RL","7":"TGT","8":"VFC","9":"GM","10":"EXPE","11":"TSCO","12":"AZO","13":"ULTA","14":"SBUX","15":"PHM","16":"GPC","17":"HD","18":"ORLY","19":"YUM","20":"DRI","21":"TJX","22":"DHI","23":"BWA","24":"NKE","25":"CCL","26":"LKQ","27":"F","28":"NWL","29":"NVR","30":"WHR","31":"GRMN","32":"ETSY","33":"MCD","34":"MAR","35":"HLT","36":"DG","37":"LEN","38":"MHK","39":"EBAY","40":"CMG","41":"RCL","42":"POOL","43":"TSLA","44":"APTV","45":"LOW","46":"LVS","47":"WYNN","48":"BKNG","49":"KMX","50":"MGM","51":"AMZN","52":"CZR","53":"AAP","54":"NCLH","55":"DLTR"},"RSC":{"0":0.291783621,"1":0.1907880145,"2":0.1824771794,"3":0.1067706031,"4":0.074157757,"5":0.0735271459,"6":0.0685072471,"7":0.0515329776,"8":0.0490333155,"9":0.042219406,"10":0.0348141832,"11":0.0345024922,"12":0.0272392013,"13":0.0270808555,"14":0.0251125642,"15":0.022742671,"16":0.0224074347,"17":0.0213549843,"18":0.0203463491,"19":0.0202959839,"20":0.0199018876,"21":0.0192792527,"22":0.0164896432,"23":0.0138752059,"24":0.0134286349,"25":0.0102995598,"26":0.0100603338,"27":0.0094816611,"28":0.0086096974,"29":0.0066367303,"30":0.0052326788,"31":0.0034921536,"32":0.0033340629,"33":0.0031887743,"34":0.0019313134,"35":0.0014213599,"36":0.0008403482,"37":0.0000378168,"38":-0.0032417754,"39":-0.0057006788,"40":-0.0116365991,"41":-0.0128735043,"42":-0.0142744284,"43":-0.0166038094,"44":-0.018258571,"45":-0.0185911492,"46":-0.0192132094,"47":-0.0218381772,"48":-0.0220794203,"49":-0.0258540035,"50":-0.0310241923,"51":-0.0312855769,"52":-0.031540969,"53":-0.036205197,"54":-0.0733886668,"55":-0.097459434},"Price":{"0":40.4,"1":116.03,"2":82.39,"3":62.16,"4":36.96,"5":391.74,"6":107.1,"7":163.41,"8":33.76,"9":40.11,"10":100.88,"11":225.76,"12":2516.58,"13":447.37,"14":99.52,"15":44.7,"16":183.92,"17":321.51,"18":850.82,"19":125.93,"20":148.33,"21":80.54,"22":84.5,"23":42.01,"24":106.65,"25":9.73,"26":54.84,"27":14.03,"28":13.18,"29":4500.67,"30":148.35,"31":90.65,"32":119.99,"33":273.27,"34":161.48,"35":138.54,"36":256.33,"37":86.46,"38":102.1,"39":45.23,"40":1508.83,"41":59.34,"42":332.39,"43":183.2,"44":106.91,"45":211.02,"46":43.06,"47":75.36,"48":1969.45,"49":66.59,"50":35.88,"51":94.13,"52":49.15,"53":150.55,"54":16.32,"55":150.14},"Percent Change":{"0":28.82,"1":19.03,"2":18.43,"3":10.67,"4":7.48,"5":7.34,"6":6.9,"7":5.17,"8":4.95,"9":4.23,"10":3.53,"11":3.48,"12":2.7,"13":2.7,"14":2.5,"15":2.36,"16":2.22,"17":2.13,"18":2.01,"19":2.06,"20":1.98,"21":1.93,"22":1.72,"23":1.38,"24":1.37,"25":1.1,"26":1.01,"27":0.94,"28":0.88,"29":0.73,"30":0.55,"31":0.34,"32":0.4,"33":0.28,"34":0.2,"35":0.15,"36":0.06,"37":0.07,"38":-0.26,"39":-0.55,"40":-1.14,"41":-1.25,"42":-1.33,"43":-1.43,"44":-1.78,"45":-1.84,"46":-1.89,"47":-2.18,"48":-2.14,"49":-2.58,"50":-3.08,"51":-3.07,"52":-3.1,"53":-3.57,"54":-7.24,"55":-9.87},"Index":{"0":"XLY","1":"XLY","2":"XLY","3":"XLY","4":"XLY","5":"XLY","6":"XLY","7":"XLY","8":"XLY","9":"XLY","10":"XLY","11":"XLY","12":"XLY","13":"XLY","14":"XLY","15":"XLY","16":"XLY","17":"XLY","18":"XLY","19":"XLY","20":"XLY","21":"XLY","22":"XLY","23":"XLY","24":"XLY","25":"XLY","26":"XLY","27":"XLY","28":"XLY","29":"XLY","30":"XLY","31":"XLY","32":"XLY","33":"XLY","34":"XLY","35":"XLY","36":"XLY","37":"XLY","38":"XLY","39":"XLY","40":"XLY","41":"XLY","42":"XLY","43":"XLY","44":"XLY","45":"XLY","46":"XLY","47":"XLY","48":"XLY","49":"XLY","50":"XLY","51":"XLY","52":"XLY","53":"XLY","54":"XLY","55":"XLY"},"Name":{"0":"Bath & Body Works Inc","1":"Ross Stores Inc","2":"Best Buy Co. Inc","3":"Hasbro Inc","4":"Tapestry Inc","5":"Dominos Pizza Inc","6":"Ralph Lauren Corp - Class A","7":"Target Corp","8":"VF Corp","9":"General Motors Company","10":"Expedia Group Inc","11":"Tractor Supply Company","12":"Autozone Inc","13":"Ulta Beauty Inc","14":"Starbucks Corp","15":"PulteGroup Inc","16":"Genuine Parts Company","17":"Home Depot Inc","18":"O`Reilly Automotive Inc","19":"Yum Brands Inc","20":"Darden Restaurants Inc","21":"TJX Companies Inc","22":"D.R. Horton Inc","23":"BorgWarner Inc","24":"Nike Inc - Class B","25":"Carnival Corp (Paired Stock)","26":"LKQ Corp","27":"Ford Motor Company","28":"Newell Brands Inc","29":"NVR Inc","30":"Whirlpool Corp","31":"Garmin Ltd","32":"Etsy Inc","33":"McDonald`s Corp","34":"Marriott International Inc - Class A","35":"Hilton Worldwide Holdings Inc","36":"Dollar General Corp","37":"Lennar Corp - Class A","38":"Mohawk Industries Inc","39":"EBay Inc","40":"Chipotle Mexican Grill","41":"Royal Caribbean Group","42":"Pool Corporation","43":"Tesla Inc","44":"Aptiv PLC","45":"Lowe`s Cos. Inc","46":"Las Vegas Sands Corp","47":"Wynn Resorts Ltd","48":"Booking Holdings Inc","49":"Carmax Inc","50":"MGM Resorts International","51":"Amazon.com Inc","52":"Caesars Entertainment Inc","53":"Advance Auto Parts Inc","54":"Norwegian Cruise Line Holdings Ltd","55":"Dollar Tree Inc"}}