{"Ticker":{"0":"CCL","1":"NWL","2":"AAP","3":"MCD","4":"AZO","5":"DRI","6":"RCL","7":"ORLY","8":"TSCO","9":"RL","10":"CMG","11":"NCLH","12":"ULTA","13":"MAR","14":"DPZ","15":"HLT","16":"MHK","17":"LKQ","18":"NKE","19":"GPC","20":"WHR","21":"VFC","22":"GRMN","23":"SBUX","24":"BKNG","25":"BWA","26":"DG","27":"EBAY","28":"TJX","29":"BBY","30":"YUM","31":"GM","32":"HD","33":"KMX","34":"HAS","35":"EXPE","36":"TPR","37":"F","38":"DLTR","39":"LOW","40":"TGT","41":"APTV","42":"DHI","43":"POOL","44":"CZR","45":"LEN","46":"MGM","47":"ROST","48":"PHM","49":"AMZN","50":"NVR","51":"TSLA","52":"BBWI","53":"ETSY","54":"LVS","55":"WYNN"},"RSC":{"0":0.1009903317,"1":0.0876588962,"2":0.0841266259,"3":0.0818190541,"4":0.0769160146,"5":0.0734592634,"6":0.0701443887,"7":0.0692602998,"8":0.0606159845,"9":0.0594411842,"10":0.0593010525,"11":0.0588359466,"12":0.0557779022,"13":0.0542648111,"14":0.0521622321,"15":0.0498794365,"16":0.0479621001,"17":0.0446294461,"18":0.0438596026,"19":0.0437565602,"20":0.0430281501,"21":0.042786953,"22":0.0361930931,"23":0.0315864589,"24":0.0309270804,"25":0.0281627521,"26":0.0270748594,"27":0.0266338092,"28":0.0229844511,"29":0.0210836432,"30":0.0195517666,"31":0.0185447985,"32":0.011086233,"33":0.0050864475,"34":0.0044193367,"35":0.0001845528,"36":0.0001557464,"37":-0.0025158873,"38":-0.0028759029,"39":-0.0032294457,"40":-0.005181527,"41":-0.0063358727,"42":-0.0067399571,"43":-0.0072197331,"44":-0.0133451705,"45":-0.0171187541,"46":-0.0239193016,"47":-0.0249461172,"48":-0.02512641,"49":-0.0299972483,"50":-0.0354492979,"51":-0.0444326754,"52":-0.0444731907,"53":-0.1328586122,"54":-0.1432210447,"55":-0.2104227716},"Price":{"0":7.13,"1":14.64,"2":168.57,"3":243.16,"4":2255.17,"5":130.02,"6":44.61,"7":731.91,"8":198.68,"9":92.54,"10":1508.41,"11":13.03,"12":394.24,"13":143.53,"14":317.34,"15":122.58,"16":96.25,"17":49.6,"18":87.55,"19":154.49,"20":139.21,"21":28.95,"22":79.44,"23":86.37,"24":1670.49,"25":33.21,"26":236.6,"27":37.08,"28":63.55,"29":63.35,"30":106.77,"31":32.89,"32":276.43,"33":60.2,"34":66.6,"35":90.27,"36":30.27,"37":11.67,"38":136.08,"39":188.96,"40":145.69,"41":81.39,"42":68.65,"43":307.03,"44":35.33,"45":73.46,"46":30.64,"47":81.45,"48":37.58,"49":106.9,"50":3945.82,"51":204.99,"52":32.64,"53":92.45,"54":35.22,"55":56.35},"Percent Change":{"0":6.09,"1":4.8,"2":4.48,"3":4.29,"4":3.74,"5":3.46,"6":3.1,"7":2.97,"8":2.13,"9":2.05,"10":2.09,"11":1.97,"12":1.62,"13":1.46,"14":1.55,"15":1.07,"16":0.82,"17":0.55,"18":0.49,"19":0.43,"20":0.41,"21":0.32,"22":-0.28,"23":-0.66,"24":-0.8,"25":-1.1,"26":-1.17,"27":-1.19,"28":-1.57,"29":-1.78,"30":-1.86,"31":-2.1,"32":-2.78,"33":-3.34,"34":-3.44,"35":-3.92,"36":-3.85,"37":-4.15,"38":-4.14,"39":-4.23,"40":-4.3,"41":-4.47,"42":-4.57,"43":-4.51,"44":-5.16,"45":-5.57,"46":-6.32,"47":-6.29,"48":-6.38,"49":-6.78,"50":-7.43,"51":-8.09,"52":-8.22,"53":-17.18,"54":-18.16,"55":-24.88},"Index":{"0":"XLY","1":"XLY","2":"XLY","3":"XLY","4":"XLY","5":"XLY","6":"XLY","7":"XLY","8":"XLY","9":"XLY","10":"XLY","11":"XLY","12":"XLY","13":"XLY","14":"XLY","15":"XLY","16":"XLY","17":"XLY","18":"XLY","19":"XLY","20":"XLY","21":"XLY","22":"XLY","23":"XLY","24":"XLY","25":"XLY","26":"XLY","27":"XLY","28":"XLY","29":"XLY","30":"XLY","31":"XLY","32":"XLY","33":"XLY","34":"XLY","35":"XLY","36":"XLY","37":"XLY","38":"XLY","39":"XLY","40":"XLY","41":"XLY","42":"XLY","43":"XLY","44":"XLY","45":"XLY","46":"XLY","47":"XLY","48":"XLY","49":"XLY","50":"XLY","51":"XLY","52":"XLY","53":"XLY","54":"XLY","55":"XLY"}}