{"Ticker":{"0":"ETSY","1":"CCL","2":"CZR","3":"VFC","4":"MHK","5":"DHI","6":"NKE","7":"LEN","8":"EBAY","9":"POOL","10":"KMX","11":"PHM","12":"RCL","13":"EXPE","14":"WYNN","15":"TGT","16":"LOW","17":"BWA","18":"AMZN","19":"APTV","20":"BBY","21":"CMG","22":"RL","23":"NVR","24":"WHR","25":"DPZ","26":"MGM","27":"TPR","28":"NWL","29":"LVS","30":"BKNG","31":"MAR","32":"HD","33":"GRMN","34":"ROST","35":"SBUX","36":"NCLH","37":"HLT","38":"TJX","39":"F","40":"DLTR","41":"TSCO","42":"LKQ","43":"ULTA","44":"GM","45":"DG","46":"DRI","47":"TSLA","48":"BBWI","49":"YUM","50":"GPC","51":"AAP","52":"ORLY","53":"AZO","54":"MCD","55":"HAS"},"RSC":{"0":0.15317037,"1":0.1477855032,"2":0.1402001992,"3":0.1023377199,"4":0.0939510778,"5":0.0810863934,"6":0.0696466361,"7":0.0624122215,"8":0.0622053986,"9":0.0618055168,"10":0.0557185271,"11":0.0555195686,"12":0.0509397174,"13":0.0486297438,"14":0.0484770781,"15":0.0483788249,"16":0.0428753829,"17":0.0361847497,"18":0.0354266075,"19":0.0346736625,"20":0.0333282872,"21":0.0315942049,"22":0.0295749744,"23":0.0291336102,"24":0.0274130848,"25":0.0236113853,"26":0.0231820173,"27":0.0219126196,"28":0.0217774694,"29":0.0180809241,"30":0.0142084493,"31":0.0119626914,"32":0.0085097713,"33":0.0029818947,"34":0.000389379,"35":-0.0009413259,"36":-0.0013123643,"37":-0.0017556948,"38":-0.0064142702,"39":-0.0087558957,"40":-0.0134605817,"41":-0.0162860177,"42":-0.022795073,"43":-0.0289171506,"44":-0.03025059,"45":-0.0345826367,"46":-0.0373170904,"47":-0.0436450567,"48":-0.045486648,"49":-0.0508944611,"50":-0.0532348593,"51":-0.0532505787,"52":-0.067158054,"53":-0.0848616287,"54":-0.0947173773,"55":-0.1005265313},"Price":{"0":125.31,"1":11.16,"2":54.3,"3":33.45,"4":106.27,"5":84.17,"6":106.71,"7":87.75,"8":47.02,"9":346.25,"10":72.66,"11":43.62,"12":60.68,"13":99.94,"14":78.4,"15":178.98,"16":208.84,"17":42.79,"18":98.94,"19":111.15,"20":75.6,"21":1523.47,"22":103.87,"23":4510.99,"24":154.51,"25":366.74,"26":37.49,"27":34.98,"28":13.97,"29":43.93,"30":2001.9,"31":161.77,"32":311.93,"33":92.53,"34":97.8,"35":97.83,"36":18.3,"37":138.54,"38":75.12,"39":14.3,"40":168.84,"41":216.2,"42":54.65,"43":436.27,"44":40.24,"45":257.26,"46":143.1,"47":194.42,"48":33.92,"49":123.31,"50":181.43,"51":183.94,"52":825.12,"53":2425.6,"54":267.84,"55":58.71},"Percent Change":{"0":22.48,"1":21.84,"2":21.25,"3":17.21,"4":16.45,"5":14.66,"6":13.52,"7":12.87,"8":12.88,"9":13.02,"10":12.07,"11":12.37,"12":11.71,"13":11.56,"14":11.25,"15":11.43,"16":10.82,"17":9.94,"18":10.39,"19":10.25,"20":9.73,"21":9.46,"22":9.55,"23":9.54,"24":9.29,"25":8.51,"26":8.59,"27":8.61,"28":8.66,"29":7.96,"30":7.57,"31":7.49,"32":7.32,"33":6.66,"34":6.29,"35":6.04,"36":6.58,"37":6.02,"38":5.58,"39":5.51,"40":4.96,"41":4.38,"42":3.78,"43":3.2,"44":3.23,"45":2.74,"46":2.22,"47":2.24,"48":2.49,"49":0.78,"50":0.54,"51":0.92,"52":-0.93,"53":-2.79,"54":-3.84,"55":-3.54},"Index":{"0":"XLY","1":"XLY","2":"XLY","3":"XLY","4":"XLY","5":"XLY","6":"XLY","7":"XLY","8":"XLY","9":"XLY","10":"XLY","11":"XLY","12":"XLY","13":"XLY","14":"XLY","15":"XLY","16":"XLY","17":"XLY","18":"XLY","19":"XLY","20":"XLY","21":"XLY","22":"XLY","23":"XLY","24":"XLY","25":"XLY","26":"XLY","27":"XLY","28":"XLY","29":"XLY","30":"XLY","31":"XLY","32":"XLY","33":"XLY","34":"XLY","35":"XLY","36":"XLY","37":"XLY","38":"XLY","39":"XLY","40":"XLY","41":"XLY","42":"XLY","43":"XLY","44":"XLY","45":"XLY","46":"XLY","47":"XLY","48":"XLY","49":"XLY","50":"XLY","51":"XLY","52":"XLY","53":"XLY","54":"XLY","55":"XLY"},"Name":{"0":"Etsy Inc","1":"Carnival Corp (Paired Stock)","2":"Caesars Entertainment Inc","3":"VF Corp","4":"Mohawk Industries Inc","5":"D.R. Horton Inc","6":"Nike Inc - Class B","7":"Lennar Corp - Class A","8":"EBay Inc","9":"Pool Corporation","10":"Carmax Inc","11":"PulteGroup Inc","12":"Royal Caribbean Group","13":"Expedia Group Inc","14":"Wynn Resorts Ltd","15":"Target Corp","16":"Lowe`s Cos. Inc","17":"BorgWarner Inc","18":"Amazon.com Inc","19":"Aptiv PLC","20":"Best Buy Co. Inc","21":"Chipotle Mexican Grill","22":"Ralph Lauren Corp - Class A","23":"NVR Inc","24":"Whirlpool Corp","25":"Dominos Pizza Inc","26":"MGM Resorts International","27":"Tapestry Inc","28":"Newell Brands Inc","29":"Las Vegas Sands Corp","30":"Booking Holdings Inc","31":"Marriott International Inc - Class A","32":"Home Depot Inc","33":"Garmin Ltd","34":"Ross Stores Inc","35":"Starbucks Corp","36":"Norwegian Cruise Line Holdings Ltd","37":"Hilton Worldwide Holdings Inc","38":"TJX Companies Inc","39":"Ford Motor Company","40":"Dollar Tree Inc","41":"Tractor Supply Company","42":"LKQ Corp","43":"Ulta Beauty Inc","44":"General Motors Company","45":"Dollar General Corp","46":"Darden Restaurants Inc","47":"Tesla Inc","48":"Bath & Body Works Inc","49":"Yum Brands Inc","50":"Genuine Parts Company","51":"Advance Auto Parts Inc","52":"O`Reilly Automotive Inc","53":"Autozone Inc","54":"McDonald`s Corp","55":"Hasbro Inc"}}