{"Ticker":{"0":"CCL","1":"NCLH","2":"CZR","3":"AMZN","4":"LVS","5":"MGM","6":"RCL","7":"ETSY","8":"TGT","9":"BKNG","10":"EXPE","11":"HLT","12":"APTV","13":"MAR","14":"GM","15":"TJX","16":"DLTR","17":"GPC","18":"TSLA","19":"MCD","20":"WYNN","21":"F","22":"ROST","23":"GRMN","24":"BWA","25":"YUM","26":"LKQ","27":"EBAY","28":"BBWI","29":"TPR","30":"CMG","31":"NVR","32":"NWL","33":"SBUX","34":"DRI","35":"AZO","36":"DHI","37":"AAP","38":"ORLY","39":"DPZ","40":"DG","41":"NKE","42":"BBY","43":"LEN","44":"PHM","45":"HD","46":"TSCO","47":"MHK","48":"HAS","49":"RL","50":"ULTA","51":"LOW","52":"VFC","53":"WHR","54":"POOL","55":"KMX"},"RSC":{"0":0.0956576154,"1":0.0887935603,"2":0.0645152884,"3":0.0590867088,"4":0.0556245144,"5":0.0507448541,"6":0.0498440005,"7":0.03915812,"8":0.0382072334,"9":0.0361634038,"10":0.0237609147,"11":0.01697258,"12":0.0160647587,"13":0.0159039173,"14":0.0112823437,"15":0.0106159841,"16":0.0031742087,"17":-0.0015367782,"18":-0.0044553243,"19":-0.0049206285,"20":-0.0064526981,"21":-0.0071600793,"22":-0.0078091886,"23":-0.010066553,"24":-0.0117182433,"25":-0.0119816094,"26":-0.0137538381,"27":-0.0157777187,"28":-0.0182496848,"29":-0.0185464137,"30":-0.0235292509,"31":-0.0251384037,"32":-0.0254452968,"33":-0.0255124825,"34":-0.0256521584,"35":-0.0308404748,"36":-0.0335341076,"37":-0.0340632614,"38":-0.0341803963,"39":-0.0374325489,"40":-0.0384684252,"41":-0.0403071918,"42":-0.0441239962,"43":-0.0500248124,"44":-0.0519691495,"45":-0.054094306,"46":-0.0572291115,"47":-0.0593806792,"48":-0.0669332298,"49":-0.0707549082,"50":-0.0795885852,"51":-0.0804855406,"52":-0.0948060069,"53":-0.1086696452,"54":-0.1240476357,"55":-0.126771039},"Price":{"0":8.2,"1":14.93,"2":39.61,"3":119.32,"4":39.07,"5":33.92,"6":49.2,"7":100.91,"8":159.19,"9":1822.79,"10":97.27,"11":131.23,"12":87.04,"13":153.49,"14":35.0,"15":67.61,"16":143.61,"17":162.35,"18":214.44,"19":254.55,"20":58.8,"21":12.19,"22":85.07,"23":82.77,"24":34.54,"25":111.03,"26":51.49,"27":38.41,"28":33.71,"29":31.27,"30":1549.82,"31":4046.65,"32":15.02,"33":88.61,"34":133.32,"35":2301.03,"36":69.75,"37":171.34,"38":744.07,"39":321.56,"40":239.37,"41":88.5,"42":63.77,"43":73.43,"44":37.49,"45":275.53,"46":197.37,"47":95.37,"48":65.49,"49":90.71,"50":382.81,"51":182.37,"52":27.69,"53":131.22,"54":284.83,"55":55.69},"Percent Change":{"0":14.82,"1":14.15,"2":11.94,"3":11.28,"4":10.61,"5":10.41,"6":10.22,"7":9.28,"8":9.09,"9":8.88,"10":7.82,"11":6.96,"12":6.96,"13":6.86,"14":6.38,"15":6.34,"16":5.46,"17":5.05,"18":5.04,"19":4.61,"20":4.5,"21":4.49,"22":4.47,"23":4.21,"24":3.98,"25":3.98,"26":3.84,"27":3.6,"28":3.34,"29":3.37,"30":2.74,"31":2.72,"32":2.65,"33":2.64,"34":2.53,"35":2.06,"36":1.95,"37":1.7,"38":1.67,"39":1.38,"40":1.17,"41":1.16,"42":0.85,"43":0.25,"44":0.08,"45":-0.2,"46":-0.45,"47":-0.73,"48":-1.59,"49":-1.89,"50":-2.8,"51":-2.78,"52":-4.29,"53":-5.67,"54":-7.1,"55":-7.55},"Index":{"0":"XLY","1":"XLY","2":"XLY","3":"XLY","4":"XLY","5":"XLY","6":"XLY","7":"XLY","8":"XLY","9":"XLY","10":"XLY","11":"XLY","12":"XLY","13":"XLY","14":"XLY","15":"XLY","16":"XLY","17":"XLY","18":"XLY","19":"XLY","20":"XLY","21":"XLY","22":"XLY","23":"XLY","24":"XLY","25":"XLY","26":"XLY","27":"XLY","28":"XLY","29":"XLY","30":"XLY","31":"XLY","32":"XLY","33":"XLY","34":"XLY","35":"XLY","36":"XLY","37":"XLY","38":"XLY","39":"XLY","40":"XLY","41":"XLY","42":"XLY","43":"XLY","44":"XLY","45":"XLY","46":"XLY","47":"XLY","48":"XLY","49":"XLY","50":"XLY","51":"XLY","52":"XLY","53":"XLY","54":"XLY","55":"XLY"}}