{"Ticker":{"0":"CCL","1":"NCLH","2":"RCL","3":"RL","4":"CZR","5":"NWL","6":"MAR","7":"HLT","8":"MCD","9":"BKNG","10":"CMG","11":"VFC","12":"F","13":"DRI","14":"DPZ","15":"GM","16":"NKE","17":"BBY","18":"TSCO","19":"ULTA","20":"BWA","21":"EXPE","22":"GRMN","23":"MGM","24":"AZO","25":"GPC","26":"TJX","27":"APTV","28":"AAP","29":"SBUX","30":"YUM","31":"LKQ","32":"ORLY","33":"MHK","34":"EBAY","35":"TPR","36":"HAS","37":"AMZN","38":"WHR","39":"LOW","40":"HD","41":"DG","42":"POOL","43":"TSLA","44":"ROST","45":"KMX","46":"TGT","47":"DLTR","48":"DHI","49":"BBWI","50":"NVR","51":"PHM","52":"LEN","53":"LVS","54":"ETSY","55":"WYNN"},"RSC":{"0":0.1311961141,"1":0.1018940719,"2":0.0956930511,"3":0.0626414616,"4":0.0558164925,"5":0.0522268861,"6":0.0450736404,"7":0.0433012549,"8":0.0421189982,"9":0.0382549386,"10":0.0374485714,"11":0.0359497942,"12":0.0347141191,"13":0.0345781596,"14":0.0340199748,"15":0.0329927833,"16":0.0306221876,"17":0.0283928528,"18":0.0248232997,"19":0.0247664089,"20":0.022469311,"21":0.0214712107,"22":0.0207888131,"23":0.0201460148,"24":0.0188842748,"25":0.0177367778,"26":0.0171935441,"27":0.0162190363,"28":0.0155035513,"29":0.0141630737,"30":0.0137477443,"31":0.0112336388,"32":0.0102219464,"33":0.0081765372,"34":0.001095204,"35":0.0007191263,"36":-0.0017395682,"37":-0.0054677265,"38":-0.0079429946,"39":-0.0105800247,"40":-0.0107664541,"41":-0.0194262527,"42":-0.0202375247,"43":-0.0218431286,"44":-0.0261399641,"45":-0.0317589246,"46":-0.0319456423,"47":-0.0369315383,"48":-0.0376864006,"49":-0.0436069008,"50":-0.044322634,"51":-0.0454012008,"52":-0.049772756,"53":-0.0996239433,"54":-0.105753592,"55":-0.1162340992},"Price":{"0":7.27,"1":13.18,"2":45.11,"3":94.94,"4":37.65,"5":14.91,"6":147.85,"7":126.41,"8":246.48,"9":1747.49,"10":1541.98,"11":29.55,"12":11.83,"13":131.94,"14":321.16,"15":33.57,"16":89.97,"17":65.59,"18":201.71,"19":402.54,"20":33.8,"21":95.28,"22":81.78,"23":32.25,"24":2289.79,"25":158.24,"26":65.89,"27":85.34,"28":169.86,"29":88.9,"30":109.98,"31":50.6,"32":736.27,"33":96.51,"34":37.85,"35":31.37,"36":67.71,"37":113.79,"38":140.91,"39":194.09,"40":281.26,"41":236.4,"42":318.47,"43":219.35,"44":84.21,"45":62.03,"46":149.25,"47":137.17,"48":69.97,"49":32.81,"50":4034.74,"51":38.33,"52":74.49,"53":35.69,"54":98.12,"55":57.3},"Percent Change":{"0":13.68,"1":10.79,"2":10.18,"3":6.97,"4":6.5,"5":5.86,"6":5.18,"7":5.05,"8":4.9,"9":4.63,"10":4.52,"11":4.23,"12":4.1,"13":4.15,"14":4.3,"15":3.93,"16":3.8,"17":3.6,"18":3.14,"19":3.13,"20":2.91,"21":2.94,"22":2.82,"23":2.79,"24":2.54,"25":2.45,"26":2.52,"27":2.48,"28":2.19,"29":2.24,"30":2.2,"31":1.82,"32":1.62,"33":1.37,"34":0.86,"35":0.87,"36":0.51,"37":0.44,"38":-0.11,"39":-0.34,"40":-0.38,"41":-1.3,"42":-1.14,"43":-1.03,"44":-1.76,"45":-2.38,"46":-2.36,"47":-2.99,"48":-3.07,"49":-3.62,"50":-3.72,"51":-3.81,"52":-4.26,"53":-9.28,"54":-9.72,"55":-10.95},"Index":{"0":"XLY","1":"XLY","2":"XLY","3":"XLY","4":"XLY","5":"XLY","6":"XLY","7":"XLY","8":"XLY","9":"XLY","10":"XLY","11":"XLY","12":"XLY","13":"XLY","14":"XLY","15":"XLY","16":"XLY","17":"XLY","18":"XLY","19":"XLY","20":"XLY","21":"XLY","22":"XLY","23":"XLY","24":"XLY","25":"XLY","26":"XLY","27":"XLY","28":"XLY","29":"XLY","30":"XLY","31":"XLY","32":"XLY","33":"XLY","34":"XLY","35":"XLY","36":"XLY","37":"XLY","38":"XLY","39":"XLY","40":"XLY","41":"XLY","42":"XLY","43":"XLY","44":"XLY","45":"XLY","46":"XLY","47":"XLY","48":"XLY","49":"XLY","50":"XLY","51":"XLY","52":"XLY","53":"XLY","54":"XLY","55":"XLY"}}