{"Ticker":{"0":"DLTR","1":"AZO","2":"GPC","3":"ORLY","4":"DG","5":"TJX","6":"MCD","7":"ULTA","8":"TSCO","9":"DRI","10":"LKQ","11":"MAR","12":"LVS","13":"YUM","14":"HLT","15":"ROST","16":"AAP","17":"DHI","18":"TPR","19":"NVR","20":"LOW","21":"BWA","22":"CMG","23":"PHM","24":"F","25":"LEN","26":"HD","27":"NWL","28":"RL","29":"BKNG","30":"SBUX","31":"MGM","32":"NCLH","33":"GM","34":"DPZ","35":"HAS","36":"TGT","37":"WHR","38":"RCL","39":"TSLA","40":"WYNN","41":"AMZN","42":"EXPE","43":"POOL","44":"GRMN","45":"BBY","46":"EBAY","47":"NKE","48":"APTV","49":"MHK","50":"BBWI","51":"KMX","52":"ETSY","53":"CCL","54":"CZR","55":"VFC"},"RSC":{"0":0.7835147572,"1":0.7221101072,"2":0.6600844917,"3":0.6359689366,"4":0.5206284846,"5":0.4734566353,"6":0.4574133496,"7":0.437474911,"8":0.4078561164,"9":0.3589266787,"10":0.3497405256,"11":0.3363407588,"12":0.3137746882,"13":0.266983947,"14":0.2667083633,"15":0.2176975514,"16":0.2172044123,"17":0.2145991652,"18":0.2011194296,"19":0.1906329884,"20":0.1902310066,"21":0.1763710892,"22":0.1641728563,"23":0.1638022115,"24":0.1544837815,"25":0.1508802517,"26":0.1308982719,"27":0.1034630323,"28":0.0920892173,"29":0.0907963406,"30":0.0901829183,"31":0.0596761428,"32":0.0177083897,"33":0.0173201518,"34":0.0105922932,"35":-0.009167764,"36":-0.0369693863,"37":-0.0410673573,"38":-0.0481234965,"39":-0.0569693804,"40":-0.0664506674,"41":-0.089799919,"42":-0.1250524388,"43":-0.1338802806,"44":-0.1442564059,"45":-0.1902913857,"46":-0.2248872814,"47":-0.2373750028,"48":-0.2951092466,"49":-0.3192561224,"50":-0.3202959052,"51":-0.3855201891,"52":-0.3998638533,"53":-0.4271365429,"54":-0.5420948275,"55":-0.569844183},"Price":{"0":156.21,"1":2521.77,"2":174.98,"3":813.22,"4":253.54,"5":71.91,"6":265.11,"7":402.24,"8":215.58,"9":140.73,"10":54.9,"11":156.25,"12":35.05,"13":113.91,"14":133.4,"15":94.6,"16":188.08,"17":75.78,"18":31.71,"19":4159.52,"20":193.66,"21":36.88,"22":1466.94,"23":39.23,"24":13.0,"25":79.46,"26":291.06,"27":15.67,"28":91.82,"29":1833.74,"30":85.28,"31":34.5,"32":15.93,"33":38.16,"34":331.5,"35":65.11,"36":166.9,"37":135.03,"38":50.32,"39":225.09,"40":55.79,"41":110.96,"42":96.57,"43":304.23,"44":85.94,"45":65.84,"46":39.85,"47":90.54,"48":88.51,"49":98.25,"50":33.32,"51":62.06,"52":100.91,"53":8.65,"54":41.51,"55":27.42},"Percent Change":{"0":46.99,"1":39.53,"2":34.1,"3":30.72,"4":19.51,"5":17.11,"6":11.85,"7":15.38,"8":10.27,"9":7.09,"10":5.18,"11":5.22,"12":4.67,"13":-5.23,"14":-1.46,"15":-6.08,"16":-9.17,"17":-6.28,"18":-6.26,"19":-10.52,"20":-11.44,"21":-11.86,"22":-11.36,"23":-11.38,"24":-10.92,"25":-12.49,"26":-17.62,"27":-20.77,"28":-17.84,"29":-18.51,"30":-19.83,"31":-19.42,"32":-18.46,"33":-24.79,"34":-30.18,"35":-32.14,"36":-32.15,"37":-33.89,"38":-27.45,"39":-25.28,"40":-31.91,"41":-33.09,"42":-38.52,"43":-42.31,"44":-45.05,"45":-47.25,"46":-51.54,"47":-51.25,"48":-54.21,"49":-60.7,"50":-57.87,"51":-65.47,"52":-59.49,"53":-63.68,"54":-74.72,"55":-86.72},"Index":{"0":"XLY","1":"XLY","2":"XLY","3":"XLY","4":"XLY","5":"XLY","6":"XLY","7":"XLY","8":"XLY","9":"XLY","10":"XLY","11":"XLY","12":"XLY","13":"XLY","14":"XLY","15":"XLY","16":"XLY","17":"XLY","18":"XLY","19":"XLY","20":"XLY","21":"XLY","22":"XLY","23":"XLY","24":"XLY","25":"XLY","26":"XLY","27":"XLY","28":"XLY","29":"XLY","30":"XLY","31":"XLY","32":"XLY","33":"XLY","34":"XLY","35":"XLY","36":"XLY","37":"XLY","38":"XLY","39":"XLY","40":"XLY","41":"XLY","42":"XLY","43":"XLY","44":"XLY","45":"XLY","46":"XLY","47":"XLY","48":"XLY","49":"XLY","50":"XLY","51":"XLY","52":"XLY","53":"XLY","54":"XLY","55":"XLY"}}