{"Ticker":{"0":"DLTR","1":"AZO","2":"GPC","3":"ORLY","4":"DG","5":"MCD","6":"TJX","7":"TSCO","8":"ULTA","9":"LVS","10":"LKQ","11":"MAR","12":"DRI","13":"LOW","14":"YUM","15":"HLT","16":"TPR","17":"CMG","18":"RL","19":"F","20":"HD","21":"DHI","22":"AAP","23":"NVR","24":"PHM","25":"SBUX","26":"ROST","27":"LEN","28":"TSLA","29":"BWA","30":"HAS","31":"DPZ","32":"WHR","33":"NWL","34":"POOL","35":"BKNG","36":"WYNN","37":"MGM","38":"AMZN","39":"TGT","40":"GM","41":"BBY","42":"RCL","43":"NCLH","44":"EXPE","45":"NKE","46":"MHK","47":"BBWI","48":"GRMN","49":"EBAY","50":"APTV","51":"ETSY","52":"KMX","53":"VFC","54":"CCL","55":"CZR"},"RSC":{"0":0.7259292939,"1":0.6424992605,"2":0.5932257682,"3":0.5295803793,"4":0.5041603939,"5":0.404245396,"6":0.3789309443,"7":0.3725337171,"8":0.3506861923,"9":0.3239350759,"10":0.2833394628,"11":0.277419094,"12":0.2743857945,"13":0.2278057249,"14":0.2181799024,"15":0.2165231241,"16":0.1853940374,"17":0.1698835313,"18":0.1645584602,"19":0.1514679115,"20":0.145121151,"21":0.1449956277,"22":0.1389832014,"23":0.1361446346,"24":0.1260254863,"25":0.1205216019,"26":0.1191945775,"27":0.0931440401,"28":0.0865133595,"29":0.0798001254,"30":0.077330582,"31":0.0286692536,"32":0.0279427044,"33":0.0179948564,"34":-0.0094658478,"35":-0.0105322409,"36":-0.0385515349,"37":-0.0648871505,"38":-0.1073562666,"39":-0.1351959438,"40":-0.1572254655,"41":-0.1617112686,"42":-0.1695814801,"43":-0.1786800954,"44":-0.2053548956,"45":-0.2194195902,"46":-0.2551320569,"47":-0.2778577644,"48":-0.2913744046,"49":-0.2959342938,"50":-0.3332023732,"51":-0.4055597135,"52":-0.4076627448,"53":-0.4964349041,"54":-0.6571891309,"55":-0.7031329836},"Price":{"0":136.08,"1":2255.17,"2":154.49,"3":731.91,"4":236.6,"5":243.16,"6":63.55,"7":198.68,"8":394.24,"9":35.22,"10":49.6,"11":143.53,"12":130.02,"13":188.96,"14":106.77,"15":122.58,"16":30.27,"17":1508.41,"18":92.54,"19":11.67,"20":276.43,"21":68.65,"22":168.57,"23":3945.82,"24":37.58,"25":86.37,"26":81.45,"27":73.46,"28":204.99,"29":33.21,"30":66.6,"31":317.34,"32":139.21,"33":14.64,"34":307.03,"35":1670.49,"36":56.35,"37":30.64,"38":106.9,"39":145.69,"40":32.89,"41":63.35,"42":44.61,"43":13.03,"44":90.27,"45":87.55,"46":96.25,"47":32.64,"48":79.44,"49":37.08,"50":81.39,"51":92.45,"52":60.2,"53":28.95,"54":7.13,"55":35.33},"Percent Change":{"0":39.13,"1":29.41,"2":25.28,"3":18.0,"4":15.88,"5":4.51,"6":5.45,"7":4.54,"8":4.61,"9":3.72,"10":-3.61,"11":-2.87,"12":-3.42,"13":-9.96,"14":-12.28,"15":-8.67,"16":-10.04,"17":-12.94,"18":-12.78,"19":-13.34,"20":-18.38,"21":-15.63,"22":-19.13,"23":-18.34,"24":-17.5,"25":-18.96,"26":-18.2,"27":-20.62,"28":-13.08,"29":-23.62,"30":-25.58,"31":-30.46,"32":-29.26,"33":-31.55,"34":-32.03,"35":-30.91,"36":-31.23,"37":-34.13,"38":-37.21,"39":-44.19,"40":-44.52,"41":-46.58,"42":-41.84,"43":-40.36,"44":-49.04,"45":-51.65,"46":-56.5,"47":-55.85,"48":-62.03,"49":-60.9,"50":-60.33,"51":-62.32,"52":-69.98,"53":-81.57,"54":-89.01,"55":-93.36},"Index":{"0":"XLY","1":"XLY","2":"XLY","3":"XLY","4":"XLY","5":"XLY","6":"XLY","7":"XLY","8":"XLY","9":"XLY","10":"XLY","11":"XLY","12":"XLY","13":"XLY","14":"XLY","15":"XLY","16":"XLY","17":"XLY","18":"XLY","19":"XLY","20":"XLY","21":"XLY","22":"XLY","23":"XLY","24":"XLY","25":"XLY","26":"XLY","27":"XLY","28":"XLY","29":"XLY","30":"XLY","31":"XLY","32":"XLY","33":"XLY","34":"XLY","35":"XLY","36":"XLY","37":"XLY","38":"XLY","39":"XLY","40":"XLY","41":"XLY","42":"XLY","43":"XLY","44":"XLY","45":"XLY","46":"XLY","47":"XLY","48":"XLY","49":"XLY","50":"XLY","51":"XLY","52":"XLY","53":"XLY","54":"XLY","55":"XLY"}}