{"Ticker":{"0":"DLTR","1":"AZO","2":"GPC","3":"ORLY","4":"LVS","5":"DG","6":"MCD","7":"TJX","8":"ULTA","9":"MAR","10":"DRI","11":"TSCO","12":"LKQ","13":"HLT","14":"YUM","15":"CMG","16":"TPR","17":"NVR","18":"F","19":"DHI","20":"LOW","21":"SBUX","22":"ROST","23":"BWA","24":"AAP","25":"PHM","26":"BKNG","27":"HAS","28":"RL","29":"HD","30":"LEN","31":"NWL","32":"AMZN","33":"MGM","34":"DPZ","35":"WYNN","36":"NCLH","37":"TSLA","38":"WHR","39":"RCL","40":"TGT","41":"EXPE","42":"GM","43":"POOL","44":"BBY","45":"NKE","46":"GRMN","47":"APTV","48":"MHK","49":"BBWI","50":"EBAY","51":"ETSY","52":"CCL","53":"KMX","54":"VFC","55":"CZR"},"RSC":{"0":0.7213680994,"1":0.6079459985,"2":0.5710214681,"3":0.491378301,"4":0.4628374023,"5":0.4571347199,"6":0.4512158472,"7":0.4118666748,"8":0.3876296123,"9":0.3527883987,"10":0.3160506146,"11":0.3154048081,"12":0.2829084698,"13":0.2782126038,"14":0.2417158681,"15":0.2202011198,"16":0.1718486194,"17":0.1684050918,"18":0.1464428295,"19":0.141246058,"20":0.1309894568,"21":0.1148662031,"22":0.1107757019,"23":0.1086958235,"24":0.1024551221,"25":0.0955313613,"26":0.0931178699,"27":0.0864621755,"28":0.0863775623,"29":0.0780659156,"30":0.0723633549,"31":0.0311254811,"32":0.0202074959,"33":0.019284272,"34":0.009051969,"35":-0.0092607677,"36":-0.0502170131,"37":-0.054707246,"38":-0.0591648293,"39":-0.0770109668,"40":-0.0912156305,"41":-0.0992910742,"42":-0.1296242579,"43":-0.2030500531,"44":-0.215387482,"45":-0.2577268304,"46":-0.2990272139,"47":-0.3002053614,"48":-0.3197788773,"49":-0.3326597237,"50":-0.3638220563,"51":-0.4378277367,"52":-0.4830952807,"53":-0.5215222078,"54":-0.5300148697,"55":-0.5978011086},"Price":{"0":143.61,"1":2301.03,"2":162.35,"3":744.07,"4":39.07,"5":239.37,"6":254.55,"7":67.61,"8":382.81,"9":153.49,"10":133.32,"11":197.37,"12":51.49,"13":131.23,"14":111.03,"15":1549.82,"16":31.27,"17":4046.65,"18":12.19,"19":69.75,"20":182.37,"21":88.61,"22":85.07,"23":34.54,"24":171.34,"25":37.49,"26":1822.79,"27":65.49,"28":90.71,"29":275.53,"30":73.43,"31":15.02,"32":119.32,"33":33.92,"34":321.56,"35":58.8,"36":14.93,"37":214.44,"38":131.22,"39":49.2,"40":159.19,"41":97.27,"42":35.0,"43":284.83,"44":63.77,"45":88.5,"46":82.77,"47":87.04,"48":95.37,"49":33.71,"50":38.41,"51":100.91,"52":8.2,"53":55.69,"54":27.69,"55":39.61},"Percent Change":{"0":40.61,"1":27.93,"2":25.05,"3":16.08,"4":19.53,"5":13.0,"6":11.15,"7":10.81,"8":10.23,"9":6.75,"10":2.69,"11":0.85,"12":-1.63,"13":-0.41,"14":-7.9,"15":-5.97,"16":-9.4,"17":-12.99,"18":-11.8,"19":-13.85,"20":-17.57,"21":-17.5,"22":-17.03,"23":-18.77,"24":-20.85,"25":-18.43,"26":-18.48,"27":-22.72,"28":-18.62,"29":-23.09,"30":-20.58,"31":-28.19,"32":-22.24,"33":-23.58,"34":-30.49,"35":-26.35,"36":-25.44,"37":-25.22,"38":-35.85,"39":-30.51,"40":-37.74,"41":-36.13,"42":-39.68,"43":-49.36,"44":-49.92,"45":-53.48,"46":-60.73,"47":-54.87,"48":-60.94,"49":-59.39,"50":-65.64,"51":-63.46,"52":-69.48,"53":-79.36,"54":-82.91,"55":-80.49},"Index":{"0":"XLY","1":"XLY","2":"XLY","3":"XLY","4":"XLY","5":"XLY","6":"XLY","7":"XLY","8":"XLY","9":"XLY","10":"XLY","11":"XLY","12":"XLY","13":"XLY","14":"XLY","15":"XLY","16":"XLY","17":"XLY","18":"XLY","19":"XLY","20":"XLY","21":"XLY","22":"XLY","23":"XLY","24":"XLY","25":"XLY","26":"XLY","27":"XLY","28":"XLY","29":"XLY","30":"XLY","31":"XLY","32":"XLY","33":"XLY","34":"XLY","35":"XLY","36":"XLY","37":"XLY","38":"XLY","39":"XLY","40":"XLY","41":"XLY","42":"XLY","43":"XLY","44":"XLY","45":"XLY","46":"XLY","47":"XLY","48":"XLY","49":"XLY","50":"XLY","51":"XLY","52":"XLY","53":"XLY","54":"XLY","55":"XLY"}}