{"Ticker":{"0":"DLTR","1":"GPC","2":"AZO","3":"ORLY","4":"DG","5":"MCD","6":"LVS","7":"TJX","8":"ULTA","9":"MAR","10":"YUM","11":"DRI","12":"TSCO","13":"HLT","14":"LKQ","15":"LOW","16":"DHI","17":"BWA","18":"PHM","19":"SBUX","20":"NVR","21":"ROST","22":"HD","23":"LEN","24":"WYNN","25":"CMG","26":"AAP","27":"BKNG","28":"RL","29":"MGM","30":"F","31":"NCLH","32":"RCL","33":"TPR","34":"DPZ","35":"WHR","36":"TGT","37":"APTV","38":"GRMN","39":"GM","40":"HAS","41":"POOL","42":"EBAY","43":"MHK","44":"NKE","45":"NWL","46":"BBY","47":"EXPE","48":"TSLA","49":"AMZN","50":"CZR","51":"ETSY","52":"CCL","53":"KMX","54":"BBWI","55":"VFC"},"RSC":{"0":0.8024436313,"1":0.7099009234,"2":0.677907344,"3":0.6767850201,"4":0.5554429285,"5":0.5169856346,"6":0.5128217622,"7":0.4918771263,"8":0.458134844,"9":0.4018056555,"10":0.4015883088,"11":0.3824650636,"12":0.3791436702,"13":0.34279003,"14":0.3416056966,"15":0.2765199917,"16":0.2756131701,"17":0.2751279528,"18":0.267787972,"19":0.2631634393,"20":0.2607283362,"21":0.256113807,"22":0.244350423,"23":0.2331476885,"24":0.1916108485,"25":0.1792385657,"26":0.1686890009,"27":0.1631346503,"28":0.1573445645,"29":0.1568435215,"30":0.1247712514,"31":0.1038591148,"32":0.1019957832,"33":0.0909102315,"34":0.0668083895,"35":0.0290844227,"36":-0.0102637004,"37":-0.0277338722,"38":-0.0302307237,"39":-0.0399580402,"40":-0.0633756701,"41":-0.0760624284,"42":-0.0896644847,"43":-0.1111660445,"44":-0.1232433636,"45":-0.1241525698,"46":-0.1591812561,"47":-0.1806692941,"48":-0.1826463498,"49":-0.1985416908,"50":-0.2212955227,"51":-0.3144232859,"52":-0.3161708154,"53":-0.3189724869,"54":-0.3381218554,"55":-0.4866698638},"Price":{"0":163.12,"1":182.2,"2":2467.66,"3":843.85,"4":253.94,"5":275.88,"6":41.05,"7":74.0,"8":423.58,"9":157.98,"10":124.13,"11":145.33,"12":210.59,"13":136.62,"14":54.12,"15":204.32,"16":83.92,"17":40.97,"18":43.78,"19":96.26,"20":4529.73,"21":97.13,"22":311.7,"23":88.4,"24":72.0,"25":1470.92,"26":183.53,"27":1946.51,"28":95.45,"29":35.31,"30":14.18,"31":17.09,"32":57.72,"33":32.54,"34":357.82,"35":149.65,"36":164.38,"37":109.32,"38":91.31,"39":39.74,"40":60.39,"41":339.31,"42":44.66,"43":102.44,"44":99.49,"45":13.45,"46":72.03,"47":99.04,"48":190.72,"49":96.63,"50":50.62,"51":110.21,"52":9.78,"53":70.65,"54":34.43,"55":29.93},"Percent Change":{"0":45.73,"1":35.59,"2":31.54,"3":31.29,"4":19.73,"5":13.99,"6":20.96,"7":15.6,"8":14.06,"9":8.51,"10":4.6,"11":5.99,"12":4.12,"13":2.78,"14":1.02,"15":-5.69,"16":-3.06,"17":-5.17,"18":-3.64,"19":-5.83,"20":-6.31,"21":-5.46,"22":-9.23,"23":-7.09,"24":-9.57,"25":-12.86,"26":-17.25,"27":-14.57,"28":-14.53,"29":-12.98,"30":-17.15,"31":-12.91,"32":-15.48,"33":-20.45,"34":-27.98,"35":-29.78,"36":-32.38,"37":-30.18,"38":-36.62,"39":-33.88,"40":-40.65,"41":-39.14,"42":-40.87,"43":-42.45,"44":-42.86,"45":-46.5,"46":-47.2,"47":-46.83,"48":-41.15,"49":-46.46,"50":-45.05,"51":-53.4,"52":-55.18,"53":-61.93,"54":-62.38,"55":-81.03},"Index":{"0":"XLY","1":"XLY","2":"XLY","3":"XLY","4":"XLY","5":"XLY","6":"XLY","7":"XLY","8":"XLY","9":"XLY","10":"XLY","11":"XLY","12":"XLY","13":"XLY","14":"XLY","15":"XLY","16":"XLY","17":"XLY","18":"XLY","19":"XLY","20":"XLY","21":"XLY","22":"XLY","23":"XLY","24":"XLY","25":"XLY","26":"XLY","27":"XLY","28":"XLY","29":"XLY","30":"XLY","31":"XLY","32":"XLY","33":"XLY","34":"XLY","35":"XLY","36":"XLY","37":"XLY","38":"XLY","39":"XLY","40":"XLY","41":"XLY","42":"XLY","43":"XLY","44":"XLY","45":"XLY","46":"XLY","47":"XLY","48":"XLY","49":"XLY","50":"XLY","51":"XLY","52":"XLY","53":"XLY","54":"XLY","55":"XLY"}}