{"Ticker":{"0":"GPC","1":"DLTR","2":"AZO","3":"ORLY","4":"LVS","5":"DG","6":"MCD","7":"TJX","8":"ULTA","9":"MAR","10":"DRI","11":"YUM","12":"TSCO","13":"HLT","14":"LKQ","15":"BWA","16":"SBUX","17":"LOW","18":"PHM","19":"DHI","20":"WYNN","21":"ROST","22":"RL","23":"HD","24":"BKNG","25":"LEN","26":"NVR","27":"CMG","28":"MGM","29":"NCLH","30":"TPR","31":"AAP","32":"RCL","33":"F","34":"DPZ","35":"TGT","36":"WHR","37":"APTV","38":"GRMN","39":"GM","40":"EBAY","41":"NKE","42":"NWL","43":"MHK","44":"POOL","45":"HAS","46":"BBY","47":"TSLA","48":"EXPE","49":"AMZN","50":"CCL","51":"CZR","52":"KMX","53":"ETSY","54":"BBWI","55":"VFC"},"RSC":{"0":0.6787584681,"1":0.667165033,"2":0.6526065174,"3":0.6436660284,"4":0.508103468,"5":0.4974946003,"6":0.4884671626,"7":0.4581453734,"8":0.4351238588,"9":0.4140617038,"10":0.3822072326,"11":0.3670975201,"12":0.3659456195,"13":0.3577880091,"14":0.3078703278,"15":0.2667948674,"16":0.2662710946,"17":0.2617334917,"18":0.2359490592,"19":0.2316084611,"20":0.2299327331,"21":0.2255405523,"22":0.215320543,"23":0.2144096643,"24":0.2047007912,"25":0.1931506661,"26":0.191936049,"27":0.189397866,"28":0.1884410351,"29":0.1736797333,"30":0.1667194761,"31":0.1503719397,"32":0.114719817,"33":0.1057350454,"34":0.0757111154,"35":0.0054712976,"36":0.0041434226,"37":-0.0484823341,"38":-0.0584149639,"39":-0.0589609871,"40":-0.0795002151,"41":-0.090800091,"42":-0.0996280901,"43":-0.1018920268,"44":-0.1052671553,"45":-0.1283838458,"46":-0.1301359965,"47":-0.1390200869,"48":-0.1625318279,"49":-0.2054514175,"50":-0.2082743388,"51":-0.2231230568,"52":-0.2743379521,"53":-0.311203088,"54":-0.3704528514,"55":-0.407314431},"Price":{"0":179.77,"1":164.5,"2":2446.88,"3":824.92,"4":43.0,"5":246.93,"6":272.27,"7":73.06,"8":422.62,"9":159.53,"10":142.53,"11":122.6,"12":212.78,"13":138.76,"14":53.63,"15":41.98,"16":97.42,"17":204.66,"18":42.51,"19":81.49,"20":78.07,"21":94.63,"22":101.34,"23":306.92,"24":1979.25,"25":85.74,"26":4354.74,"27":1513.12,"28":36.95,"29":17.87,"30":34.25,"31":183.78,"32":58.07,"33":14.06,"34":370.23,"35":173.26,"36":152.94,"37":109.63,"38":91.28,"39":39.93,"40":45.91,"41":104.39,"42":13.64,"43":105.32,"44":340.89,"45":57.16,"46":74.26,"47":190.95,"48":98.61,"49":98.49,"50":10.6,"51":51.51,"52":73.97,"53":119.74,"54":33.06,"55":33.11},"Percent Change":{"0":32.89,"1":32.74,"2":29.42,"3":28.36,"4":21.12,"5":14.38,"6":11.58,"7":12.72,"8":12.31,"9":10.35,"10":6.37,"11":1.62,"12":3.24,"13":4.85,"14":-1.85,"15":-5.43,"16":-5.01,"17":-6.61,"18":-6.25,"19":-6.89,"20":-5.06,"21":-8.04,"22":-7.99,"23":-11.68,"24":-9.82,"25":-10.58,"26":-12.68,"27":-11.33,"28":-9.26,"29":-5.33,"30":-12.13,"31":-18.54,"32":-13.68,"33":-18.48,"34":-26.57,"35":-30.2,"36":-31.65,"37":-31.69,"38":-38.85,"39":-35.18,"40":-39.26,"41":-38.96,"42":-43.4,"43":-40.82,"44":-41.46,"45":-46.39,"46":-43.73,"47":-36.19,"48":-44.38,"49":-46.54,"50":-43.8,"51":-44.68,"52":-56.83,"53":-52.56,"54":-64.89,"55":-72.34},"Index":{"0":"XLY","1":"XLY","2":"XLY","3":"XLY","4":"XLY","5":"XLY","6":"XLY","7":"XLY","8":"XLY","9":"XLY","10":"XLY","11":"XLY","12":"XLY","13":"XLY","14":"XLY","15":"XLY","16":"XLY","17":"XLY","18":"XLY","19":"XLY","20":"XLY","21":"XLY","22":"XLY","23":"XLY","24":"XLY","25":"XLY","26":"XLY","27":"XLY","28":"XLY","29":"XLY","30":"XLY","31":"XLY","32":"XLY","33":"XLY","34":"XLY","35":"XLY","36":"XLY","37":"XLY","38":"XLY","39":"XLY","40":"XLY","41":"XLY","42":"XLY","43":"XLY","44":"XLY","45":"XLY","46":"XLY","47":"XLY","48":"XLY","49":"XLY","50":"XLY","51":"XLY","52":"XLY","53":"XLY","54":"XLY","55":"XLY"}}