{"Ticker":{"0":"DLTR","1":"AZO","2":"GPC","3":"ORLY","4":"DG","5":"MCD","6":"TJX","7":"TSCO","8":"ULTA","9":"LVS","10":"MAR","11":"LKQ","12":"DRI","13":"LOW","14":"YUM","15":"HLT","16":"TPR","17":"CMG","18":"RL","19":"F","20":"DHI","21":"HD","22":"NVR","23":"TSLA","24":"ROST","25":"SBUX","26":"AAP","27":"PHM","28":"LEN","29":"BWA","30":"HAS","31":"DPZ","32":"WHR","33":"NWL","34":"BKNG","35":"POOL","36":"MGM","37":"WYNN","38":"AMZN","39":"TGT","40":"BBY","41":"GM","42":"EXPE","43":"RCL","44":"NCLH","45":"NKE","46":"MHK","47":"GRMN","48":"BBWI","49":"EBAY","50":"APTV","51":"ETSY","52":"KMX","53":"VFC","54":"CCL","55":"CZR"},"RSC":{"0":0.6946243202,"1":0.618249352,"2":0.5775499011,"3":0.4963024994,"4":0.464345497,"5":0.3783638761,"6":0.3753136584,"7":0.3481869993,"8":0.3319156731,"9":0.2977567318,"10":0.2673408655,"11":0.2637118537,"12":0.2495742467,"13":0.2148929053,"14":0.2080693725,"15":0.2075468368,"16":0.1813137523,"17":0.1522681856,"18":0.1504791127,"19":0.125640983,"20":0.1244710982,"21":0.1229098884,"22":0.1187983849,"23":0.1148307848,"24":0.1127562059,"25":0.1096691373,"26":0.1073347799,"27":0.1062019623,"28":0.0676158546,"29":0.0578703921,"30":0.0543446485,"31":0.0012347626,"32":0.0006756232,"33":-0.0032843877,"34":-0.0052383327,"35":-0.0126614459,"36":-0.0533934325,"37":-0.0613527159,"38":-0.084419887,"39":-0.1507161011,"40":-0.1667338061,"41":-0.1763594228,"42":-0.1910219354,"43":-0.1978129388,"44":-0.2066197507,"45":-0.2318588832,"46":-0.2915386733,"47":-0.3020696357,"48":-0.3118551269,"49":-0.3149808634,"50":-0.3255660329,"51":-0.3856238665,"52":-0.4174522572,"53":-0.5155204162,"54":-0.6773221735,"55":-0.6790301331},"Price":{"0":137.17,"1":2289.79,"2":158.24,"3":736.27,"4":236.4,"5":246.48,"6":65.89,"7":201.71,"8":402.54,"9":35.69,"10":147.85,"11":50.6,"12":131.94,"13":194.09,"14":109.98,"15":126.41,"16":31.37,"17":1541.98,"18":94.94,"19":11.83,"20":69.97,"21":281.26,"22":4034.74,"23":219.35,"24":84.21,"25":88.9,"26":169.86,"27":38.33,"28":74.49,"29":33.8,"30":67.71,"31":321.16,"32":140.91,"33":14.91,"34":1747.49,"35":318.47,"36":32.25,"37":57.3,"38":113.79,"39":149.25,"40":65.59,"41":33.57,"42":95.28,"43":45.11,"44":13.18,"45":89.97,"46":96.51,"47":81.78,"48":32.81,"49":37.85,"50":85.34,"51":98.12,"52":62.03,"53":29.55,"54":7.27,"55":37.65},"Percent Change":{"0":39.93,"1":30.94,"2":27.71,"3":18.59,"4":15.8,"5":5.87,"6":9.14,"7":6.06,"8":6.72,"9":5.05,"10":0.14,"11":-1.59,"12":-1.94,"13":-7.24,"14":-9.27,"15":-5.54,"16":-6.41,"17":-10.72,"18":-10.19,"19":-11.97,"20":-13.71,"21":-16.64,"22":-16.08,"23":-6.07,"24":-14.81,"25":-16.03,"26":-18.36,"27":-15.51,"28":-19.22,"29":-21.84,"30":-23.92,"31":-29.25,"32":-28.04,"33":-29.7,"34":-26.3,"35":-28.3,"36":-28.88,"37":-29.54,"38":-30.76,"39":-41.75,"40":-43.04,"41":-42.45,"42":-43.49,"43":-40.72,"44":-39.21,"45":-48.88,"46":-56.23,"47":-59.09,"48":-55.33,"49":-58.82,"50":-55.48,"51":-56.18,"52":-66.94,"53":-79.5,"54":-87.05,"55":-86.8},"Index":{"0":"XLY","1":"XLY","2":"XLY","3":"XLY","4":"XLY","5":"XLY","6":"XLY","7":"XLY","8":"XLY","9":"XLY","10":"XLY","11":"XLY","12":"XLY","13":"XLY","14":"XLY","15":"XLY","16":"XLY","17":"XLY","18":"XLY","19":"XLY","20":"XLY","21":"XLY","22":"XLY","23":"XLY","24":"XLY","25":"XLY","26":"XLY","27":"XLY","28":"XLY","29":"XLY","30":"XLY","31":"XLY","32":"XLY","33":"XLY","34":"XLY","35":"XLY","36":"XLY","37":"XLY","38":"XLY","39":"XLY","40":"XLY","41":"XLY","42":"XLY","43":"XLY","44":"XLY","45":"XLY","46":"XLY","47":"XLY","48":"XLY","49":"XLY","50":"XLY","51":"XLY","52":"XLY","53":"XLY","54":"XLY","55":"XLY"}}