{"Ticker":{"0":"GPC","1":"AZO","2":"ORLY","3":"LVS","4":"TJX","5":"DG","6":"MCD","7":"ULTA","8":"DLTR","9":"MAR","10":"ROST","11":"DRI","12":"YUM","13":"HLT","14":"TSCO","15":"LKQ","16":"RCL","17":"RL","18":"BWA","19":"WYNN","20":"NCLH","21":"TPR","22":"BKNG","23":"SBUX","24":"CMG","25":"PHM","26":"DHI","27":"MGM","28":"LOW","29":"NVR","30":"LEN","31":"HD","32":"BBY","33":"DPZ","34":"F","35":"TGT","36":"AAP","37":"WHR","38":"GM","39":"APTV","40":"GRMN","41":"EXPE","42":"HAS","43":"NKE","44":"NWL","45":"EBAY","46":"CCL","47":"POOL","48":"MHK","49":"BBWI","50":"CZR","51":"AMZN","52":"TSLA","53":"VFC","54":"KMX","55":"ETSY"},"RSC":{"0":0.7396803904,"1":0.7375561241,"2":0.7002374229,"3":0.5973660349,"4":0.5591960899,"5":0.5495716599,"6":0.5087791418,"7":0.5014057458,"8":0.4916698007,"9":0.485864849,"10":0.484855659,"11":0.4746948366,"12":0.4175600302,"13":0.4073138329,"14":0.4066094376,"15":0.3614417517,"16":0.3600272842,"17":0.3455603292,"18":0.3407981285,"19":0.3298877236,"20":0.3200991935,"21":0.3179480418,"22":0.3114368401,"23":0.3019925681,"24":0.2761811476,"25":0.2700491299,"26":0.2566645605,"27":0.2522064927,"28":0.2446922893,"29":0.2251210276,"30":0.2039069955,"31":0.1830293473,"32":0.1213379624,"33":0.1136536754,"34":0.1060382076,"35":0.0302861101,"36":0.0294923936,"37":0.019877621,"38":-0.0066716304,"39":-0.0179096854,"40":-0.0201348044,"41":-0.0336281043,"42":-0.0351043199,"43":-0.0606333775,"44":-0.0654892632,"45":-0.0679156194,"46":-0.0697340642,"47":-0.1073425001,"48":-0.1260085505,"49":-0.127572814,"50":-0.1422125317,"51":-0.2360421689,"52":-0.2400429311,"53":-0.3399838396,"54":-0.3482206952,"55":-0.3732959221},"Price":{"0":183.92,"1":2516.58,"2":850.82,"3":43.06,"4":80.54,"5":256.33,"6":273.27,"7":447.37,"8":150.14,"9":161.48,"10":116.03,"11":148.33,"12":125.93,"13":138.54,"14":225.76,"15":54.84,"16":59.34,"17":107.1,"18":42.01,"19":75.36,"20":16.32,"21":36.96,"22":1969.45,"23":99.52,"24":1508.83,"25":44.7,"26":84.5,"27":35.88,"28":211.02,"29":4500.67,"30":86.46,"31":321.51,"32":82.39,"33":391.74,"34":14.03,"35":163.41,"36":150.55,"37":148.35,"38":40.11,"39":106.91,"40":90.65,"41":100.88,"42":62.16,"43":106.65,"44":13.18,"45":45.23,"46":9.73,"47":332.39,"48":102.1,"49":40.4,"50":49.15,"51":94.13,"52":183.2,"53":33.76,"54":66.59,"55":119.99},"Percent Change":{"0":38.57,"1":37.47,"2":33.59,"3":29.66,"4":22.33,"5":19.27,"6":13.1,"7":18.5,"8":14.66,"9":17.04,"10":17.43,"11":15.12,"12":6.27,"13":9.29,"14":6.94,"15":3.11,"16":10.28,"17":4.7,"18":1.64,"19":4.51,"20":8.94,"21":2.57,"22":0.4,"23":-1.86,"24":-2.98,"25":-3.16,"26":-4.71,"27":-3.25,"28":-8.81,"29":-9.58,"30":-9.85,"31":-15.38,"32":-18.78,"33":-23.22,"34":-18.8,"35":-27.8,"36":-30.71,"37":-30.4,"38":-30.29,"39":-29.05,"40":-35.41,"41":-31.97,"42":-37.35,"43":-36.33,"44":-40.18,"45":-38.42,"46":-30.18,"47":-41.94,"48":-43.54,"49":-41.24,"50":-36.73,"51":-49.98,"52":-46.56,"53":-65.91,"54":-64.51,"55":-59.11},"Index":{"0":"XLY","1":"XLY","2":"XLY","3":"XLY","4":"XLY","5":"XLY","6":"XLY","7":"XLY","8":"XLY","9":"XLY","10":"XLY","11":"XLY","12":"XLY","13":"XLY","14":"XLY","15":"XLY","16":"XLY","17":"XLY","18":"XLY","19":"XLY","20":"XLY","21":"XLY","22":"XLY","23":"XLY","24":"XLY","25":"XLY","26":"XLY","27":"XLY","28":"XLY","29":"XLY","30":"XLY","31":"XLY","32":"XLY","33":"XLY","34":"XLY","35":"XLY","36":"XLY","37":"XLY","38":"XLY","39":"XLY","40":"XLY","41":"XLY","42":"XLY","43":"XLY","44":"XLY","45":"XLY","46":"XLY","47":"XLY","48":"XLY","49":"XLY","50":"XLY","51":"XLY","52":"XLY","53":"XLY","54":"XLY","55":"XLY"},"Name":{"0":"Genuine Parts Company","1":"Autozone Inc","2":"O`Reilly Automotive Inc","3":"Las Vegas Sands Corp","4":"TJX Companies Inc","5":"Dollar General Corp","6":"McDonald`s Corp","7":"Ulta Beauty Inc","8":"Dollar Tree Inc","9":"Marriott International Inc - Class A","10":"Ross Stores Inc","11":"Darden Restaurants Inc","12":"Yum Brands Inc","13":"Hilton Worldwide Holdings Inc","14":"Tractor Supply Company","15":"LKQ Corp","16":"Royal Caribbean Group","17":"Ralph Lauren Corp - Class A","18":"BorgWarner Inc","19":"Wynn Resorts Ltd","20":"Norwegian Cruise Line Holdings Ltd","21":"Tapestry Inc","22":"Booking Holdings Inc","23":"Starbucks Corp","24":"Chipotle Mexican Grill","25":"PulteGroup Inc","26":"D.R. Horton Inc","27":"MGM Resorts International","28":"Lowe`s Cos. Inc","29":"NVR Inc","30":"Lennar Corp - Class A","31":"Home Depot Inc","32":"Best Buy Co. Inc","33":"Dominos Pizza Inc","34":"Ford Motor Company","35":"Target Corp","36":"Advance Auto Parts Inc","37":"Whirlpool Corp","38":"General Motors Company","39":"Aptiv PLC","40":"Garmin Ltd","41":"Expedia Group Inc","42":"Hasbro Inc","43":"Nike Inc - Class B","44":"Newell Brands Inc","45":"EBay Inc","46":"Carnival Corp (Paired Stock)","47":"Pool Corporation","48":"Mohawk Industries Inc","49":"Bath & Body Works Inc","50":"Caesars Entertainment Inc","51":"Amazon.com Inc","52":"Tesla Inc","53":"VF Corp","54":"Carmax Inc","55":"Etsy Inc"}}