{"Ticker":{"0":"DLTR","1":"AZO","2":"GPC","3":"ORLY","4":"DG","5":"MCD","6":"LVS","7":"TJX","8":"ULTA","9":"MAR","10":"DRI","11":"TSCO","12":"LKQ","13":"HLT","14":"YUM","15":"CMG","16":"TPR","17":"NVR","18":"LOW","19":"ROST","20":"SBUX","21":"RL","22":"DHI","23":"AAP","24":"F","25":"BWA","26":"HD","27":"BKNG","28":"PHM","29":"TSLA","30":"LEN","31":"HAS","32":"DPZ","33":"NWL","34":"MGM","35":"AMZN","36":"WHR","37":"WYNN","38":"NCLH","39":"RCL","40":"TGT","41":"EXPE","42":"GM","43":"POOL","44":"BBY","45":"NKE","46":"GRMN","47":"APTV","48":"EBAY","49":"BBWI","50":"MHK","51":"ETSY","52":"CCL","53":"KMX","54":"VFC","55":"CZR"},"RSC":{"0":0.7215866329,"1":0.6051877965,"2":0.5438269313,"3":0.4787828172,"4":0.4719448913,"5":0.4234939347,"6":0.4120723524,"7":0.3947590602,"8":0.3898618385,"9":0.315595404,"10":0.3013205651,"11":0.2855673307,"12":0.2661426846,"13":0.2546070805,"14":0.2307383676,"15":0.181789995,"16":0.1767501858,"17":0.1502781763,"18":0.1354571889,"19":0.1092970686,"20":0.104498598,"21":0.1041147829,"22":0.1038469213,"23":0.0888758361,"24":0.0862948142,"25":0.0834523407,"26":0.0816800079,"27":0.0744705139,"28":0.0744477027,"29":0.0605630828,"30":0.0411896168,"31":0.0301960768,"32":0.0066974083,"33":-0.0139811939,"34":-0.0155539234,"35":-0.0399254328,"36":-0.0471055926,"37":-0.0551618736,"38":-0.0742717841,"39":-0.0896667338,"40":-0.0900367917,"41":-0.1426355367,"42":-0.1784384245,"43":-0.1802003709,"44":-0.1979617143,"45":-0.2562725478,"46":-0.3137013747,"47":-0.3154619848,"48":-0.319109408,"49":-0.3273037827,"50":-0.333367651,"51":-0.3965505605,"52":-0.512010626,"53":-0.5131376684,"54":-0.5714652726,"55":-0.6593808393},"Price":{"0":139.03,"1":2258.83,"2":157.87,"3":730.92,"4":237.22,"5":249.77,"6":37.59,"7":65.36,"8":381.59,"9":147.52,"10":132.23,"11":189.53,"12":50.08,"13":126.55,"14":109.66,"15":1536.2,"16":30.48,"17":3959.55,"18":178.3,"19":82.49,"20":86.79,"21":89.7,"22":67.14,"23":170.28,"24":11.77,"25":33.77,"26":269.46,"27":1773.62,"28":36.59,"29":207.28,"30":71.38,"31":64.11,"32":319.5,"33":14.73,"34":32.46,"35":115.25,"36":131.33,"37":56.13,"38":14.23,"39":47.52,"40":154.4,"41":93.15,"42":33.44,"43":283.92,"44":62.85,"45":86.83,"46":80.86,"47":84.66,"48":37.62,"49":32.73,"50":92.5,"51":97.44,"52":8.0,"53":56.47,"54":27.58,"55":37.41},"Percent Change":{"0":39.81,"1":26.81,"2":21.49,"3":13.99,"4":13.71,"5":7.55,"6":13.58,"7":8.27,"8":9.67,"9":2.15,"10":0.39,"11":-2.98,"12":-4.14,"13":-3.64,"14":-9.81,"15":-10.62,"16":-9.68,"17":-15.63,"18":-17.92,"19":-17.97,"20":-19.36,"21":-17.63,"22":-18.47,"23":-23.01,"24":-18.72,"25":-22.1,"26":-23.52,"27":-21.17,"28":-21.37,"29":-14.26,"30":-24.55,"31":-29.19,"32":-31.5,"33":-33.54,"34":-27.95,"35":-29.12,"36":-35.48,"37":-31.8,"38":-28.71,"39":-32.64,"40":-38.44,"41":-41.36,"42":-45.46,"43":-47.83,"44":-48.95,"45":-54.15,"46":-63.05,"47":-57.21,"48":-62.02,"49":-59.66,"50":-63.14,"51":-60.09,"52":-73.23,"53":-79.31,"54":-87.82,"55":-87.58},"Index":{"0":"XLY","1":"XLY","2":"XLY","3":"XLY","4":"XLY","5":"XLY","6":"XLY","7":"XLY","8":"XLY","9":"XLY","10":"XLY","11":"XLY","12":"XLY","13":"XLY","14":"XLY","15":"XLY","16":"XLY","17":"XLY","18":"XLY","19":"XLY","20":"XLY","21":"XLY","22":"XLY","23":"XLY","24":"XLY","25":"XLY","26":"XLY","27":"XLY","28":"XLY","29":"XLY","30":"XLY","31":"XLY","32":"XLY","33":"XLY","34":"XLY","35":"XLY","36":"XLY","37":"XLY","38":"XLY","39":"XLY","40":"XLY","41":"XLY","42":"XLY","43":"XLY","44":"XLY","45":"XLY","46":"XLY","47":"XLY","48":"XLY","49":"XLY","50":"XLY","51":"XLY","52":"XLY","53":"XLY","54":"XLY","55":"XLY"}}