{"Ticker":{"0":"GPC","1":"DLTR","2":"AZO","3":"ORLY","4":"LVS","5":"DG","6":"TJX","7":"MCD","8":"MAR","9":"ULTA","10":"DRI","11":"YUM","12":"HLT","13":"TSCO","14":"LKQ","15":"BWA","16":"NCLH","17":"SBUX","18":"ROST","19":"NVR","20":"DHI","21":"PHM","22":"LOW","23":"WYNN","24":"BKNG","25":"RL","26":"MGM","27":"LEN","28":"CMG","29":"RCL","30":"AAP","31":"HD","32":"TPR","33":"F","34":"DPZ","35":"TGT","36":"WHR","37":"GM","38":"APTV","39":"GRMN","40":"NWL","41":"EBAY","42":"NKE","43":"POOL","44":"HAS","45":"MHK","46":"CCL","47":"BBY","48":"EXPE","49":"TSLA","50":"CZR","51":"AMZN","52":"KMX","53":"ETSY","54":"BBWI","55":"VFC"},"RSC":{"0":0.6910653173,"1":0.6696434952,"2":0.6463628194,"3":0.642558846,"4":0.54815751,"5":0.5263703439,"6":0.4854527136,"7":0.4763315438,"8":0.4406484615,"9":0.4393090047,"10":0.3952663551,"11":0.3711253279,"12":0.366331366,"13":0.3565090437,"14":0.3256707266,"15":0.2909190272,"16":0.2716326842,"17":0.2693024578,"18":0.2643024411,"19":0.250267825,"20":0.2477868626,"21":0.2452620505,"22":0.242609672,"23":0.2398653391,"24":0.2281405507,"25":0.2216824274,"26":0.2085586354,"27":0.2074583199,"28":0.2045304927,"29":0.1832774547,"30":0.1785913666,"31":0.1761842553,"32":0.1746647739,"33":0.128092305,"34":0.0533680032,"35":0.0352131441,"36":0.0132112047,"37":-0.0436261561,"38":-0.0470552454,"39":-0.0471269222,"40":-0.0609754996,"41":-0.0758877598,"42":-0.0842024886,"43":-0.0943588418,"44":-0.1028633716,"45":-0.1094027646,"46":-0.1227639116,"47":-0.1294022305,"48":-0.135427488,"49":-0.159205709,"50":-0.1672595115,"51":-0.1975136944,"52":-0.2791680912,"53":-0.3139110616,"54":-0.3555073919,"55":-0.4046932381},"Price":{"0":181.43,"1":168.84,"2":2425.6,"3":825.12,"4":43.93,"5":257.26,"6":75.12,"7":267.84,"8":161.77,"9":436.27,"10":143.1,"11":123.31,"12":138.54,"13":216.2,"14":54.65,"15":42.79,"16":18.3,"17":97.83,"18":97.8,"19":4510.99,"20":84.17,"21":43.62,"22":208.84,"23":78.4,"24":2001.9,"25":103.87,"26":37.49,"27":87.75,"28":1523.47,"29":60.68,"30":183.94,"31":311.93,"32":34.98,"33":14.3,"34":366.74,"35":178.98,"36":154.51,"37":40.24,"38":111.15,"39":92.53,"40":13.97,"41":47.02,"42":106.71,"43":346.25,"44":58.71,"45":106.27,"46":11.16,"47":75.6,"48":99.94,"49":194.42,"50":54.3,"51":98.94,"52":72.66,"53":125.31,"54":33.92,"55":33.45},"Percent Change":{"0":33.93,"1":32.78,"2":28.58,"3":28.04,"4":24.97,"5":17.09,"6":15.28,"7":10.14,"8":12.84,"9":12.52,"10":7.48,"11":1.82,"12":5.51,"13":2.07,"14":-0.25,"15":-3.19,"16":4.4,"17":-4.91,"18":-4.31,"19":-6.97,"20":-5.46,"21":-5.52,"22":-8.76,"23":-4.26,"24":-7.65,"25":-7.55,"26":-7.43,"27":-9.34,"28":-10.0,"29":-6.93,"30":-15.88,"31":-15.78,"32":-11.54,"33":-16.42,"34":-29.04,"35":-27.4,"36":-30.94,"37":-33.83,"38":-31.76,"39":-37.92,"40":-39.68,"41":-39.11,"42":-38.5,"43":-40.56,"44":-44.01,"45":-41.79,"46":-35.33,"47":-43.87,"48":-41.83,"49":-38.45,"50":-39.22,"51":-45.94,"52":-57.53,"53":-53.05,"54":-63.59,"55":-72.29},"Index":{"0":"XLY","1":"XLY","2":"XLY","3":"XLY","4":"XLY","5":"XLY","6":"XLY","7":"XLY","8":"XLY","9":"XLY","10":"XLY","11":"XLY","12":"XLY","13":"XLY","14":"XLY","15":"XLY","16":"XLY","17":"XLY","18":"XLY","19":"XLY","20":"XLY","21":"XLY","22":"XLY","23":"XLY","24":"XLY","25":"XLY","26":"XLY","27":"XLY","28":"XLY","29":"XLY","30":"XLY","31":"XLY","32":"XLY","33":"XLY","34":"XLY","35":"XLY","36":"XLY","37":"XLY","38":"XLY","39":"XLY","40":"XLY","41":"XLY","42":"XLY","43":"XLY","44":"XLY","45":"XLY","46":"XLY","47":"XLY","48":"XLY","49":"XLY","50":"XLY","51":"XLY","52":"XLY","53":"XLY","54":"XLY","55":"XLY"},"Name":{"0":"Genuine Parts Company","1":"Dollar Tree Inc","2":"Autozone Inc","3":"O`Reilly Automotive Inc","4":"Las Vegas Sands Corp","5":"Dollar General Corp","6":"TJX Companies Inc","7":"McDonald`s Corp","8":"Marriott International Inc - Class A","9":"Ulta Beauty Inc","10":"Darden Restaurants Inc","11":"Yum Brands Inc","12":"Hilton Worldwide Holdings Inc","13":"Tractor Supply Company","14":"LKQ Corp","15":"BorgWarner Inc","16":"Norwegian Cruise Line Holdings Ltd","17":"Starbucks Corp","18":"Ross Stores Inc","19":"NVR Inc","20":"D.R. Horton Inc","21":"PulteGroup Inc","22":"Lowe`s Cos. Inc","23":"Wynn Resorts Ltd","24":"Booking Holdings Inc","25":"Ralph Lauren Corp - Class A","26":"MGM Resorts International","27":"Lennar Corp - Class A","28":"Chipotle Mexican Grill","29":"Royal Caribbean Group","30":"Advance Auto Parts Inc","31":"Home Depot Inc","32":"Tapestry Inc","33":"Ford Motor Company","34":"Dominos Pizza Inc","35":"Target Corp","36":"Whirlpool Corp","37":"General Motors Company","38":"Aptiv PLC","39":"Garmin Ltd","40":"Newell Brands Inc","41":"EBay Inc","42":"Nike Inc - Class B","43":"Pool Corporation","44":"Hasbro Inc","45":"Mohawk Industries Inc","46":"Carnival Corp (Paired Stock)","47":"Best Buy Co. Inc","48":"Expedia Group Inc","49":"Tesla Inc","50":"Caesars Entertainment Inc","51":"Amazon.com Inc","52":"Carmax Inc","53":"Etsy Inc","54":"Bath & Body Works Inc","55":"VF Corp"}}