{"Ticker":{"0":"TSLA","1":"DPZ","2":"TGT","3":"BBY","4":"CCL","5":"DHI","6":"PHM","7":"TPR","8":"POOL","9":"LEN","10":"HAS","11":"YUM","12":"MGM","13":"BKNG","14":"SBUX","15":"NVR","16":"AMZN","17":"TSCO","18":"NWL","19":"RCL","20":"WHR","21":"LVS","22":"RL","23":"MHK","24":"NCLH","25":"AAP","26":"ROST","27":"NKE","28":"EXPE","29":"ETSY","30":"TJX","31":"GM","32":"VFC","33":"DRI","34":"EBAY","35":"CMG","36":"GRMN","37":"GPC","38":"CZR","39":"APTV","40":"ORLY","41":"WYNN","42":"F","43":"LKQ","44":"DG","45":"AZO","46":"MCD","47":"ULTA","48":"KMX","49":"MAR","50":"HLT","51":"HD","52":"BWA","53":"DLTR","54":"LOW","55":"BBWI"},"RSC":{"0":0.0628633918,"1":0.0268337825,"2":0.0204164495,"3":0.0167340453,"4":0.0128235262,"5":0.0077022482,"6":0.0076250722,"7":0.0056214955,"8":0.0037575015,"9":0.0012776812,"10":0.0002416459,"11":-0.0019324323,"12":-0.0028461615,"13":-0.0028588955,"14":-0.0033244563,"15":-0.0040614275,"16":-0.0044041771,"17":-0.0044509339,"18":-0.0051831039,"19":-0.005187725,"20":-0.0055259815,"21":-0.0056969075,"22":-0.0060739043,"23":-0.0061614203,"24":-0.0075513186,"25":-0.0076491136,"26":-0.0077412929,"27":-0.0079150876,"28":-0.0083425755,"29":-0.0084561294,"30":-0.008949436,"31":-0.0107878699,"32":-0.0116056799,"33":-0.0119758819,"34":-0.012056351,"35":-0.0123226447,"36":-0.0123885053,"37":-0.0146156549,"38":-0.0148419346,"39":-0.0157136864,"40":-0.015756049,"41":-0.0169799249,"42":-0.0170430605,"43":-0.017108281,"44":-0.0185671461,"45":-0.0190080128,"46":-0.0195863062,"47":-0.0200889365,"48":-0.0223157984,"49":-0.0230733699,"50":-0.0244509974,"51":-0.0244659594,"52":-0.0251470888,"53":-0.0286676267,"54":-0.0300977063,"55":-0.0345532349},"Price":{"0":183.2,"1":391.74,"2":163.41,"3":82.39,"4":9.73,"5":84.5,"6":44.7,"7":36.96,"8":332.39,"9":86.46,"10":62.16,"11":125.93,"12":35.88,"13":1969.45,"14":99.52,"15":4500.67,"16":94.13,"17":225.76,"18":13.18,"19":59.34,"20":148.35,"21":43.06,"22":107.1,"23":102.1,"24":16.32,"25":150.55,"26":116.03,"27":106.65,"28":100.88,"29":119.99,"30":80.54,"31":40.11,"32":33.76,"33":148.33,"34":45.23,"35":1508.83,"36":90.65,"37":183.92,"38":49.15,"39":106.91,"40":850.82,"41":75.36,"42":14.03,"43":54.84,"44":256.33,"45":2516.58,"46":273.27,"47":447.37,"48":66.59,"49":161.48,"50":138.54,"51":321.51,"52":42.01,"53":150.14,"54":211.02,"55":40.4},"Percent Change":{"0":7.82,"1":4.17,"2":3.52,"3":3.14,"4":2.75,"5":2.23,"6":2.22,"7":2.01,"8":1.83,"9":1.57,"10":1.47,"11":1.25,"12":1.16,"13":1.15,"14":1.11,"15":1.03,"16":1.0,"17":0.99,"18":0.92,"19":0.92,"20":0.88,"21":0.87,"22":0.83,"23":0.82,"24":0.68,"25":0.67,"26":0.66,"27":0.64,"28":0.6,"29":0.59,"30":0.54,"31":0.35,"32":0.27,"33":0.23,"34":0.22,"35":0.19,"36":0.19,"37":-0.04,"38":-0.06,"39":-0.15,"40":-0.15,"41":-0.28,"42":-0.28,"43":-0.29,"44":-0.44,"45":-0.48,"46":-0.54,"47":-0.59,"48":-0.82,"49":-0.9,"50":-1.04,"51":-1.04,"52":-1.11,"53":-1.46,"54":-1.61,"55":-2.06},"Index":{"0":"XLY","1":"XLY","2":"XLY","3":"XLY","4":"XLY","5":"XLY","6":"XLY","7":"XLY","8":"XLY","9":"XLY","10":"XLY","11":"XLY","12":"XLY","13":"XLY","14":"XLY","15":"XLY","16":"XLY","17":"XLY","18":"XLY","19":"XLY","20":"XLY","21":"XLY","22":"XLY","23":"XLY","24":"XLY","25":"XLY","26":"XLY","27":"XLY","28":"XLY","29":"XLY","30":"XLY","31":"XLY","32":"XLY","33":"XLY","34":"XLY","35":"XLY","36":"XLY","37":"XLY","38":"XLY","39":"XLY","40":"XLY","41":"XLY","42":"XLY","43":"XLY","44":"XLY","45":"XLY","46":"XLY","47":"XLY","48":"XLY","49":"XLY","50":"XLY","51":"XLY","52":"XLY","53":"XLY","54":"XLY","55":"XLY"},"Name":{"0":"Tesla Inc","1":"Dominos Pizza Inc","2":"Target Corp","3":"Best Buy Co. Inc","4":"Carnival Corp (Paired Stock)","5":"D.R. Horton Inc","6":"PulteGroup Inc","7":"Tapestry Inc","8":"Pool Corporation","9":"Lennar Corp - Class A","10":"Hasbro Inc","11":"Yum Brands Inc","12":"MGM Resorts International","13":"Booking Holdings Inc","14":"Starbucks Corp","15":"NVR Inc","16":"Amazon.com Inc","17":"Tractor Supply Company","18":"Newell Brands Inc","19":"Royal Caribbean Group","20":"Whirlpool Corp","21":"Las Vegas Sands Corp","22":"Ralph Lauren Corp - Class A","23":"Mohawk Industries Inc","24":"Norwegian Cruise Line Holdings Ltd","25":"Advance Auto Parts Inc","26":"Ross Stores Inc","27":"Nike Inc - Class B","28":"Expedia Group Inc","29":"Etsy Inc","30":"TJX Companies Inc","31":"General Motors Company","32":"VF Corp","33":"Darden Restaurants Inc","34":"EBay Inc","35":"Chipotle Mexican Grill","36":"Garmin Ltd","37":"Genuine Parts Company","38":"Caesars Entertainment Inc","39":"Aptiv PLC","40":"O`Reilly Automotive Inc","41":"Wynn Resorts Ltd","42":"Ford Motor Company","43":"LKQ Corp","44":"Dollar General Corp","45":"Autozone Inc","46":"McDonald`s Corp","47":"Ulta Beauty Inc","48":"Carmax Inc","49":"Marriott International Inc - Class A","50":"Hilton Worldwide Holdings Inc","51":"Home Depot Inc","52":"BorgWarner Inc","53":"Dollar Tree Inc","54":"Lowe`s Cos. Inc","55":"Bath & Body Works Inc"}}