{"Ticker":{"0":"CZR","1":"ETSY","2":"MHK","3":"CCL","4":"PHM","5":"POOL","6":"LEN","7":"AMZN","8":"APTV","9":"BBWI","10":"VFC","11":"NVR","12":"DHI","13":"EXPE","14":"EBAY","15":"RCL","16":"LOW","17":"KMX","18":"HD","19":"WHR","20":"NCLH","21":"NKE","22":"TGT","23":"TSLA","24":"BBY","25":"NWL","26":"CMG","27":"GRMN","28":"F","29":"ROST","30":"BWA","31":"RL","32":"DPZ","33":"MAR","34":"TJX","35":"WYNN","36":"DLTR","37":"MGM","38":"HLT","39":"SBUX","40":"DG","41":"AAP","42":"GM","43":"BKNG","44":"TPR","45":"HAS","46":"DRI","47":"LKQ","48":"TSCO","49":"LVS","50":"ULTA","51":"GPC","52":"ORLY","53":"YUM","54":"AZO","55":"MCD"},"RSC":{"0":0.0980552267,"1":0.0815500253,"2":0.0688968465,"3":0.0647101775,"4":0.0574987173,"5":0.0525992257,"6":0.049018103,"7":0.0453781718,"8":0.0451893416,"9":0.0383526094,"10":0.036861508,"11":0.0366621961,"12":0.0366451277,"13":0.0363208985,"14":0.0258409381,"15":0.0239652939,"16":0.0202244779,"17":0.018222715,"18":0.0129772482,"19":0.0101982819,"20":0.008616917,"21":0.0066676583,"22":0.0012724042,"23":0.0007925095,"24":-0.0026107893,"25":-0.0036590999,"26":-0.0036916961,"27":-0.0057115924,"28":-0.0071937769,"29":-0.0088170992,"30":-0.0093492584,"31":-0.0143036203,"32":-0.015034686,"33":-0.0157080547,"34":-0.0159799627,"35":-0.0173354266,"36":-0.0185273811,"37":-0.0195124561,"38":-0.0198221603,"39":-0.0210184973,"40":-0.023580404,"41":-0.0246340063,"42":-0.0269718736,"43":-0.0278053864,"44":-0.0287054201,"45":-0.0290363575,"46":-0.0302034186,"47":-0.0347544491,"48":-0.0351648623,"49":-0.0424472824,"50":-0.0453201476,"51":-0.0481499689,"52":-0.0510698812,"53":-0.0522249168,"54":-0.0670591839,"55":-0.0745138478},"Price":{"0":50.62,"1":110.21,"2":102.44,"3":9.78,"4":43.78,"5":339.31,"6":88.4,"7":96.63,"8":109.32,"9":34.43,"10":29.93,"11":4529.73,"12":83.92,"13":99.04,"14":44.66,"15":57.72,"16":204.32,"17":70.65,"18":311.7,"19":149.65,"20":17.09,"21":99.49,"22":164.38,"23":190.72,"24":72.03,"25":13.45,"26":1470.92,"27":91.31,"28":14.18,"29":97.13,"30":40.97,"31":95.45,"32":357.82,"33":157.98,"34":74.0,"35":72.0,"36":163.12,"37":35.31,"38":136.62,"39":96.26,"40":253.94,"41":183.53,"42":39.74,"43":1946.51,"44":32.54,"45":60.39,"46":145.33,"47":54.12,"48":210.59,"49":41.05,"50":423.58,"51":182.2,"52":843.85,"53":124.13,"54":2467.66,"55":275.88},"Percent Change":{"0":17.83,"1":16.06,"2":14.7,"3":14.25,"4":13.48,"5":12.95,"6":12.57,"7":12.18,"8":12.16,"9":11.42,"10":11.26,"11":11.24,"12":11.24,"13":11.21,"14":10.08,"15":9.88,"16":9.48,"17":9.26,"18":8.7,"19":8.4,"20":8.23,"21":8.02,"22":7.44,"23":7.39,"24":7.03,"25":6.92,"26":6.91,"27":6.7,"28":6.54,"29":6.36,"30":6.31,"31":5.77,"32":5.7,"33":5.62,"34":5.59,"35":5.45,"36":5.32,"37":5.21,"38":5.18,"39":5.05,"40":4.78,"41":4.66,"42":4.41,"43":4.32,"44":4.23,"45":4.19,"46":4.07,"47":3.58,"48":3.53,"49":2.75,"50":2.45,"51":2.14,"52":1.83,"53":1.7,"54":0.11,"55":-0.69},"Index":{"0":"XLY","1":"XLY","2":"XLY","3":"XLY","4":"XLY","5":"XLY","6":"XLY","7":"XLY","8":"XLY","9":"XLY","10":"XLY","11":"XLY","12":"XLY","13":"XLY","14":"XLY","15":"XLY","16":"XLY","17":"XLY","18":"XLY","19":"XLY","20":"XLY","21":"XLY","22":"XLY","23":"XLY","24":"XLY","25":"XLY","26":"XLY","27":"XLY","28":"XLY","29":"XLY","30":"XLY","31":"XLY","32":"XLY","33":"XLY","34":"XLY","35":"XLY","36":"XLY","37":"XLY","38":"XLY","39":"XLY","40":"XLY","41":"XLY","42":"XLY","43":"XLY","44":"XLY","45":"XLY","46":"XLY","47":"XLY","48":"XLY","49":"XLY","50":"XLY","51":"XLY","52":"XLY","53":"XLY","54":"XLY","55":"XLY"}}