{"Ticker":{"0":"NCLH","1":"CCL","2":"GM","3":"MAR","4":"NWL","5":"MGM","6":"RCL","7":"HLT","8":"MHK","9":"VFC","10":"BWA","11":"ORLY","12":"F","13":"ULTA","14":"AZO","15":"GRMN","16":"BKNG","17":"GPC","18":"EXPE","19":"WYNN","20":"MCD","21":"LVS","22":"RL","23":"AAP","24":"LKQ","25":"BBY","26":"TSCO","27":"LOW","28":"HAS","29":"DRI","30":"NKE","31":"NVR","32":"HD","33":"DG","34":"EBAY","35":"APTV","36":"TJX","37":"TPR","38":"YUM","39":"CZR","40":"DHI","41":"WHR","42":"DLTR","43":"CMG","44":"PHM","45":"SBUX","46":"LEN","47":"KMX","48":"ETSY","49":"POOL","50":"ROST","51":"DPZ","52":"BBWI","53":"AMZN","54":"TGT","55":"TSLA"},"RSC":{"0":0.0452286333,"1":0.0432006097,"2":0.0429335333,"3":0.0410597756,"4":0.0388112664,"5":0.0361060287,"6":0.035561354,"7":0.0344231115,"8":0.0341909846,"9":0.0309765568,"10":0.030741624,"11":0.0302668825,"12":0.0299853423,"13":0.0267014807,"14":0.0262559374,"15":0.0260247047,"16":0.0255263085,"17":0.0252073115,"18":0.0251830438,"19":0.025166635,"20":0.0236974571,"21":0.0234107077,"22":0.0213726582,"23":0.0205875695,"24":0.0202977982,"25":0.0201316652,"26":0.0172056304,"27":0.0162237362,"28":0.0160791649,"29":0.0157647654,"30":0.015497168,"31":0.0153284728,"32":0.0153045941,"33":0.0149601322,"34":0.0147292349,"35":0.0132891775,"36":0.0128330159,"37":0.0114125774,"38":0.0112498077,"39":0.0096616792,"40":0.0094040118,"41":0.0089507876,"42":0.005988024,"43":0.0055917588,"44":0.0048526999,"45":0.0039401262,"46":0.0025101895,"47":0.0023471427,"48":-0.0029266863,"49":-0.0085908952,"50":-0.0098165284,"51":-0.0108132771,"52":-0.0114635646,"53":-0.0131616069,"54":-0.0180092565,"55":-0.0395727878},"Price":{"0":13.03,"1":7.13,"2":32.89,"3":143.53,"4":14.64,"5":30.64,"6":44.61,"7":122.58,"8":96.25,"9":28.95,"10":33.21,"11":731.91,"12":11.67,"13":394.24,"14":2255.17,"15":79.44,"16":1670.49,"17":154.49,"18":90.27,"19":56.35,"20":243.16,"21":35.22,"22":92.54,"23":168.57,"24":49.6,"25":63.35,"26":198.68,"27":188.96,"28":66.6,"29":130.02,"30":87.55,"31":3945.82,"32":276.43,"33":236.6,"34":37.08,"35":81.39,"36":63.55,"37":30.27,"38":106.77,"39":35.33,"40":68.65,"41":139.21,"42":136.08,"43":1508.41,"44":37.58,"45":86.37,"46":73.46,"47":60.2,"48":92.45,"49":307.03,"50":81.45,"51":317.34,"52":32.64,"53":106.9,"54":145.69,"55":204.99},"Percent Change":{"0":0.62,"1":0.42,"2":0.4,"3":0.22,"4":0.0,"5":-0.26,"6":-0.31,"7":-0.42,"8":-0.44,"9":-0.75,"10":-0.78,"11":-0.82,"12":-0.85,"13":-1.17,"14":-1.21,"15":-1.23,"16":-1.28,"17":-1.31,"18":-1.31,"19":-1.31,"20":-1.45,"21":-1.48,"22":-1.68,"23":-1.75,"24":-1.78,"25":-1.8,"26":-2.08,"27":-2.17,"28":-2.19,"29":-2.22,"30":-2.24,"31":-2.26,"32":-2.26,"33":-2.3,"34":-2.32,"35":-2.46,"36":-2.5,"37":-2.64,"38":-2.65,"39":-2.81,"40":-2.83,"41":-2.87,"42":-3.16,"43":-3.2,"44":-3.27,"45":-3.36,"46":-3.49,"47":-3.51,"48":-4.02,"49":-4.56,"50":-4.68,"51":-4.78,"52":-4.84,"53":-5.0,"54":-5.47,"55":-7.55},"Index":{"0":"XLY","1":"XLY","2":"XLY","3":"XLY","4":"XLY","5":"XLY","6":"XLY","7":"XLY","8":"XLY","9":"XLY","10":"XLY","11":"XLY","12":"XLY","13":"XLY","14":"XLY","15":"XLY","16":"XLY","17":"XLY","18":"XLY","19":"XLY","20":"XLY","21":"XLY","22":"XLY","23":"XLY","24":"XLY","25":"XLY","26":"XLY","27":"XLY","28":"XLY","29":"XLY","30":"XLY","31":"XLY","32":"XLY","33":"XLY","34":"XLY","35":"XLY","36":"XLY","37":"XLY","38":"XLY","39":"XLY","40":"XLY","41":"XLY","42":"XLY","43":"XLY","44":"XLY","45":"XLY","46":"XLY","47":"XLY","48":"XLY","49":"XLY","50":"XLY","51":"XLY","52":"XLY","53":"XLY","54":"XLY","55":"XLY"}}