{"Ticker":{"0":"LVS","1":"CCL","2":"ETSY","3":"WYNN","4":"NCLH","5":"RCL","6":"CMG","7":"CZR","8":"AMZN","9":"BKNG","10":"MGM","11":"MCD","12":"GRMN","13":"TPR","14":"NVR","15":"DG","16":"EBAY","17":"BBWI","18":"GM","19":"AAP","20":"DRI","21":"TGT","22":"DLTR","23":"GPC","24":"YUM","25":"SBUX","26":"BWA","27":"ORLY","28":"DHI","29":"TJX","30":"HAS","31":"DPZ","32":"ULTA","33":"LEN","34":"AZO","35":"BBY","36":"ROST","37":"APTV","38":"PHM","39":"MAR","40":"HLT","41":"KMX","42":"NKE","43":"NWL","44":"LKQ","45":"HD","46":"RL","47":"MHK","48":"F","49":"VFC","50":"LOW","51":"EXPE","52":"TSCO","53":"WHR","54":"POOL","55":"TSLA"},"RSC":{"0":0.0767314552,"1":0.0622184481,"2":0.053349549,"3":0.0506135946,"4":0.0431886252,"5":0.0378572677,"6":0.0257324014,"7":0.0224628373,"8":0.0213248379,"9":0.0207656582,"10":0.0197297102,"11":0.0157443259,"12":0.015459906,"13":0.0153989404,"14":0.015038469,"15":0.0148100929,"16":0.0146054403,"17":0.0141523371,"18":0.0139685254,"19":0.0139537229,"20":0.0138260119,"21":0.0132329446,"22":0.0128814861,"23":0.012673645,"24":0.0124360346,"25":0.011224195,"26":0.0107505815,"27":0.0103302605,"28":0.0099520983,"29":0.0083136741,"30":0.0082491012,"31":0.0074324131,"32":0.0074008702,"33":0.0068931625,"34":0.0059376632,"35":0.0054912502,"36":0.0054686086,"37":0.0044248664,"38":0.0040880004,"39":0.0029370415,"40":0.0026945985,"41":0.0014632476,"42":-0.0003033675,"43":-0.0006241762,"44":-0.001601879,"45":-0.0025904109,"46":-0.0033803116,"47":-0.0065824308,"48":-0.0105343208,"49":-0.0114535885,"50":-0.011537418,"51":-0.0117787921,"52":-0.0155390588,"53":-0.0280076728,"54":-0.028841878,"55":-0.0480563217},"Price":{"0":37.59,"1":8.0,"2":97.44,"3":56.13,"4":14.23,"5":47.52,"6":1536.2,"7":37.41,"8":115.25,"9":1773.62,"10":32.46,"11":249.77,"12":80.86,"13":30.48,"14":3959.55,"15":237.22,"16":37.62,"17":32.73,"18":33.44,"19":170.28,"20":132.23,"21":154.4,"22":139.03,"23":157.87,"24":109.66,"25":86.79,"26":33.77,"27":730.92,"28":67.14,"29":65.36,"30":64.11,"31":319.5,"32":381.59,"33":71.38,"34":2258.83,"35":62.85,"36":82.49,"37":84.66,"38":36.59,"39":147.52,"40":126.55,"41":56.47,"42":86.83,"43":14.73,"44":50.08,"45":269.46,"46":89.7,"47":92.5,"48":11.77,"49":27.58,"50":178.3,"51":93.15,"52":189.53,"53":131.33,"54":283.92,"55":207.28},"Percent Change":{"0":5.59,"1":4.17,"2":3.3,"3":3.03,"4":2.3,"5":1.78,"6":0.59,"7":0.27,"8":0.16,"9":0.1,"10":0.0,"11":-0.39,"12":-0.42,"13":-0.42,"14":-0.46,"15":-0.48,"16":-0.5,"17":-0.55,"18":-0.56,"19":-0.57,"20":-0.58,"21":-0.64,"22":-0.67,"23":-0.69,"24":-0.72,"25":-0.83,"26":-0.88,"27":-0.92,"28":-0.96,"29":-1.12,"30":-1.13,"31":-1.21,"32":-1.21,"33":-1.26,"34":-1.35,"35":-1.4,"36":-1.4,"37":-1.5,"38":-1.53,"39":-1.65,"40":-1.67,"41":-1.79,"42":-1.96,"43":-2.0,"44":-2.09,"45":-2.19,"46":-2.27,"47":-2.58,"48":-2.97,"49":-3.06,"50":-3.07,"51":-3.09,"52":-3.46,"53":-4.68,"54":-4.76,"55":-6.65},"Index":{"0":"XLY","1":"XLY","2":"XLY","3":"XLY","4":"XLY","5":"XLY","6":"XLY","7":"XLY","8":"XLY","9":"XLY","10":"XLY","11":"XLY","12":"XLY","13":"XLY","14":"XLY","15":"XLY","16":"XLY","17":"XLY","18":"XLY","19":"XLY","20":"XLY","21":"XLY","22":"XLY","23":"XLY","24":"XLY","25":"XLY","26":"XLY","27":"XLY","28":"XLY","29":"XLY","30":"XLY","31":"XLY","32":"XLY","33":"XLY","34":"XLY","35":"XLY","36":"XLY","37":"XLY","38":"XLY","39":"XLY","40":"XLY","41":"XLY","42":"XLY","43":"XLY","44":"XLY","45":"XLY","46":"XLY","47":"XLY","48":"XLY","49":"XLY","50":"XLY","51":"XLY","52":"XLY","53":"XLY","54":"XLY","55":"XLY"}}