{"Ticker":{"0":"TSLA","1":"CZR","2":"AMZN","3":"ETSY","4":"EXPE","5":"MGM","6":"APTV","7":"BKNG","8":"POOL","9":"TJX","10":"TPR","11":"BBY","12":"ROST","13":"HLT","14":"KMX","15":"MAR","16":"YUM","17":"GRMN","18":"SBUX","19":"NKE","20":"LOW","21":"RL","22":"TGT","23":"GPC","24":"NVR","25":"CMG","26":"ULTA","27":"EBAY","28":"VFC","29":"GM","30":"LKQ","31":"PHM","32":"CCL","33":"DHI","34":"NWL","35":"BWA","36":"HD","37":"WYNN","38":"HAS","39":"AZO","40":"TSCO","41":"DRI","42":"LEN","43":"F","44":"MCD","45":"LVS","46":"WHR","47":"DPZ","48":"NCLH","49":"RCL","50":"DLTR","51":"AAP","52":"ORLY","53":"BBWI","54":"MHK","55":"DG"},"RSC":{"0":0.0283174253,"1":0.0241028505,"2":0.0229363796,"3":0.019935847,"4":0.0143329602,"5":0.011493718,"6":0.0076363403,"7":0.0052939082,"8":-0.0031955982,"9":-0.0036172859,"10":-0.0040802851,"11":-0.0050225375,"12":-0.0064383716,"13":-0.0089762873,"14":-0.0097895124,"15":-0.0100782285,"16":-0.0101105299,"17":-0.0106952311,"18":-0.0108524646,"19":-0.012439293,"20":-0.0129128196,"21":-0.0140793475,"22":-0.0155201573,"23":-0.0156758671,"24":-0.0173462497,"25":-0.0176153458,"26":-0.0187705193,"27":-0.0190465697,"28":-0.0190855121,"29":-0.0191339573,"30":-0.0196276091,"31":-0.019823524,"32":-0.0201330425,"33":-0.0205245295,"34":-0.0212792441,"35":-0.0219297334,"36":-0.0222112627,"37":-0.022801181,"38":-0.0229859335,"39":-0.0242499085,"40":-0.0243467177,"41":-0.0248115478,"42":-0.0255281856,"43":-0.0258269285,"44":-0.0258815199,"45":-0.0261783441,"46":-0.0272670813,"47":-0.027434491,"48":-0.0279396553,"49":-0.0282314587,"50":-0.0313049737,"51":-0.0316484216,"52":-0.0332778799,"53":-0.0339973625,"54":-0.0364066164,"55":-0.0398148969},"Price":{"0":219.35,"1":37.65,"2":113.79,"3":98.12,"4":95.28,"5":32.25,"6":85.34,"7":1747.49,"8":318.47,"9":65.89,"10":31.37,"11":65.59,"12":84.21,"13":126.41,"14":62.03,"15":147.85,"16":109.98,"17":81.78,"18":88.9,"19":89.97,"20":194.09,"21":94.94,"22":149.25,"23":158.24,"24":4034.74,"25":1541.98,"26":402.54,"27":37.85,"28":29.55,"29":33.57,"30":50.6,"31":38.33,"32":7.27,"33":69.97,"34":14.91,"35":33.8,"36":281.26,"37":57.3,"38":67.71,"39":2289.79,"40":201.71,"41":131.94,"42":74.49,"43":11.83,"44":246.48,"45":35.69,"46":140.91,"47":321.16,"48":13.18,"49":45.11,"50":137.17,"51":169.86,"52":736.27,"53":32.81,"54":96.51,"55":236.4},"Percent Change":{"0":7.01,"1":6.57,"2":6.45,"3":6.13,"4":5.55,"5":5.25,"6":4.85,"7":4.61,"8":3.73,"9":3.68,"10":3.63,"11":3.54,"12":3.39,"13":3.12,"14":3.04,"15":3.01,"16":3.01,"17":2.95,"18":2.93,"19":2.76,"20":2.71,"21":2.59,"22":2.44,"23":2.43,"24":2.25,"25":2.23,"26":2.11,"27":2.08,"28":2.07,"29":2.07,"30":2.02,"31":2.0,"32":1.96,"33":1.92,"34":1.84,"35":1.78,"36":1.75,"37":1.69,"38":1.67,"39":1.54,"40":1.53,"41":1.48,"42":1.4,"43":1.37,"44":1.37,"45":1.33,"46":1.22,"47":1.2,"48":1.15,"49":1.12,"50":0.8,"51":0.77,"52":0.6,"53":0.52,"54":0.27,"55":-0.08},"Index":{"0":"XLY","1":"XLY","2":"XLY","3":"XLY","4":"XLY","5":"XLY","6":"XLY","7":"XLY","8":"XLY","9":"XLY","10":"XLY","11":"XLY","12":"XLY","13":"XLY","14":"XLY","15":"XLY","16":"XLY","17":"XLY","18":"XLY","19":"XLY","20":"XLY","21":"XLY","22":"XLY","23":"XLY","24":"XLY","25":"XLY","26":"XLY","27":"XLY","28":"XLY","29":"XLY","30":"XLY","31":"XLY","32":"XLY","33":"XLY","34":"XLY","35":"XLY","36":"XLY","37":"XLY","38":"XLY","39":"XLY","40":"XLY","41":"XLY","42":"XLY","43":"XLY","44":"XLY","45":"XLY","46":"XLY","47":"XLY","48":"XLY","49":"XLY","50":"XLY","51":"XLY","52":"XLY","53":"XLY","54":"XLY","55":"XLY"}}