{"Ticker":{"0":"CZR","1":"CCL","2":"ETSY","3":"RCL","4":"DG","5":"TGT","6":"NVR","7":"ROST","8":"DHI","9":"ULTA","10":"TJX","11":"HAS","12":"DLTR","13":"PHM","14":"BBWI","15":"RL","16":"NWL","17":"EBAY","18":"NCLH","19":"LEN","20":"NKE","21":"LVS","22":"TPR","23":"LOW","24":"BWA","25":"LKQ","26":"TSLA","27":"BBY","28":"F","29":"HD","30":"TSCO","31":"POOL","32":"MGM","33":"MAR","34":"APTV","35":"GRMN","36":"EXPE","37":"BKNG","38":"VFC","39":"WHR","40":"GPC","41":"MHK","42":"GM","43":"CMG","44":"YUM","45":"AMZN","46":"WYNN","47":"SBUX","48":"DRI","49":"AAP","50":"ORLY","51":"HLT","52":"AZO","53":"DPZ","54":"MCD","55":"KMX"},"RSC":{"0":0.0399620825,"1":0.0386460042,"2":0.0324183179,"3":0.0308677931,"4":0.0277976828,"5":0.0252461829,"6":0.0219246127,"7":0.0195751455,"8":0.0189719633,"9":0.0183909458,"10":0.0143437012,"11":0.0132791015,"12":0.0125551025,"13":0.0122872844,"14":0.0121904132,"15":0.0111566839,"16":0.0103951691,"17":0.0103795727,"18":0.0102660588,"19":0.0096547,"20":0.0084525016,"21":0.0078640931,"22":0.0075542856,"23":0.0066765222,"24":0.0055625197,"25":0.0052905374,"26":0.004455038,"27":0.0043291683,"28":0.0033672975,"29":0.0026311217,"30":0.0023839643,"31":0.0020392794,"32":0.0009450196,"33":0.0003796431,"34":0.0002055919,"35":0.0000372014,"36":-0.0001666665,"37":-0.0021828795,"38":-0.0033419781,"39":-0.0033452705,"40":-0.0043628168,"41":-0.0045738273,"42":-0.0058134415,"43":-0.0067244158,"44":-0.0077592639,"45":-0.008964997,"46":-0.0093024052,"47":-0.0093205518,"48":-0.0095271536,"49":-0.0126135564,"50":-0.0132332519,"51":-0.0150365445,"52":-0.0220520558,"53":-0.0227720071,"54":-0.0295238423,"55":-0.0309437205},"Price":{"0":54.3,"1":11.16,"2":125.31,"3":60.68,"4":257.26,"5":178.98,"6":4510.99,"7":97.8,"8":84.17,"9":436.27,"10":75.12,"11":58.71,"12":168.84,"13":43.62,"14":33.92,"15":103.87,"16":13.97,"17":47.02,"18":18.3,"19":87.75,"20":106.71,"21":43.93,"22":34.98,"23":208.84,"24":42.79,"25":54.65,"26":194.42,"27":75.6,"28":14.3,"29":311.93,"30":216.2,"31":346.25,"32":37.49,"33":161.77,"34":111.15,"35":92.53,"36":99.94,"37":2001.9,"38":33.45,"39":154.51,"40":181.43,"41":106.27,"42":40.24,"43":1523.47,"44":123.31,"45":98.94,"46":78.4,"47":97.83,"48":143.1,"49":183.94,"50":825.12,"51":138.54,"52":2425.6,"53":366.74,"54":267.84,"55":72.66},"Percent Change":{"0":5.42,"1":5.28,"2":4.65,"3":4.49,"4":4.18,"5":3.92,"6":3.59,"7":3.35,"8":3.29,"9":3.23,"10":2.82,"11":2.71,"12":2.64,"13":2.61,"14":2.6,"15":2.5,"16":2.42,"17":2.42,"18":2.41,"19":2.34,"20":2.22,"21":2.16,"22":2.13,"23":2.04,"24":1.93,"25":1.9,"26":1.82,"27":1.8,"28":1.71,"29":1.63,"30":1.61,"31":1.57,"32":1.46,"33":1.4,"34":1.39,"35":1.37,"36":1.35,"37":1.14,"38":1.03,"39":1.03,"40":0.92,"41":0.9,"42":0.78,"43":0.68,"44":0.58,"45":0.46,"46":0.42,"47":0.42,"48":0.4,"49":0.09,"50":0.02,"51":-0.16,"52":-0.87,"53":-0.94,"54":-1.63,"55":-1.77},"Index":{"0":"XLY","1":"XLY","2":"XLY","3":"XLY","4":"XLY","5":"XLY","6":"XLY","7":"XLY","8":"XLY","9":"XLY","10":"XLY","11":"XLY","12":"XLY","13":"XLY","14":"XLY","15":"XLY","16":"XLY","17":"XLY","18":"XLY","19":"XLY","20":"XLY","21":"XLY","22":"XLY","23":"XLY","24":"XLY","25":"XLY","26":"XLY","27":"XLY","28":"XLY","29":"XLY","30":"XLY","31":"XLY","32":"XLY","33":"XLY","34":"XLY","35":"XLY","36":"XLY","37":"XLY","38":"XLY","39":"XLY","40":"XLY","41":"XLY","42":"XLY","43":"XLY","44":"XLY","45":"XLY","46":"XLY","47":"XLY","48":"XLY","49":"XLY","50":"XLY","51":"XLY","52":"XLY","53":"XLY","54":"XLY","55":"XLY"},"Name":{"0":"Caesars Entertainment Inc","1":"Carnival Corp (Paired Stock)","2":"Etsy Inc","3":"Royal Caribbean Group","4":"Dollar General Corp","5":"Target Corp","6":"NVR Inc","7":"Ross Stores Inc","8":"D.R. Horton Inc","9":"Ulta Beauty Inc","10":"TJX Companies Inc","11":"Hasbro Inc","12":"Dollar Tree Inc","13":"PulteGroup Inc","14":"Bath & Body Works Inc","15":"Ralph Lauren Corp - Class A","16":"Newell Brands Inc","17":"EBay Inc","18":"Norwegian Cruise Line Holdings Ltd","19":"Lennar Corp - Class A","20":"Nike Inc - Class B","21":"Las Vegas Sands Corp","22":"Tapestry Inc","23":"Lowe`s Cos. Inc","24":"BorgWarner Inc","25":"LKQ Corp","26":"Tesla Inc","27":"Best Buy Co. Inc","28":"Ford Motor Company","29":"Home Depot Inc","30":"Tractor Supply Company","31":"Pool Corporation","32":"MGM Resorts International","33":"Marriott International Inc - Class A","34":"Aptiv PLC","35":"Garmin Ltd","36":"Expedia Group Inc","37":"Booking Holdings Inc","38":"VF Corp","39":"Whirlpool Corp","40":"Genuine Parts Company","41":"Mohawk Industries Inc","42":"General Motors Company","43":"Chipotle Mexican Grill","44":"Yum Brands Inc","45":"Amazon.com Inc","46":"Wynn Resorts Ltd","47":"Starbucks Corp","48":"Darden Restaurants Inc","49":"Advance Auto Parts Inc","50":"O`Reilly Automotive Inc","51":"Hilton Worldwide Holdings Inc","52":"Autozone Inc","53":"Dominos Pizza Inc","54":"McDonald`s Corp","55":"Carmax Inc"}}