{"Ticker":{"0":"ORLY","1":"AZO","2":"AAP","3":"MCD","4":"DPZ","5":"LKQ","6":"HLT","7":"GPC","8":"DLTR","9":"DRI","10":"YUM","11":"TJX","12":"F","13":"ROST","14":"GRMN","15":"DG","16":"BWA","17":"PHM","18":"LEN","19":"KMX","20":"GM","21":"MAR","22":"ULTA","23":"EBAY","24":"DHI","25":"MGM","26":"HD","27":"WHR","28":"TSLA","29":"NCLH","30":"TPR","31":"TGT","32":"LOW","33":"TSCO","34":"EXPE","35":"BBY","36":"CCL","37":"MHK","38":"NWL","39":"ETSY","40":"BBWI","41":"POOL","42":"NVR","43":"CMG","44":"SBUX","45":"RCL","46":"BKNG","47":"APTV","48":"LVS","49":"HAS","50":"RL","51":"NKE","52":"WYNN","53":"CZR","54":"VFC","55":"AMZN"},"RSC":{"0":0.0500403857,"1":0.0444946039,"2":0.0384864999,"3":0.0371188766,"4":0.033419597,"5":0.031485616,"6":0.0302008211,"7":0.0255521839,"8":0.0203266441,"9":0.0198826663,"10":0.0185307265,"11":0.0180235138,"12":0.0179614531,"13":0.0168731189,"14":0.0159243499,"15":0.0157248716,"16":0.0132074518,"17":0.0129034672,"18":0.0124030995,"19":0.0121845871,"20":0.0118211712,"21":0.0117012164,"22":0.0113339396,"23":0.0109700303,"24":0.0101316043,"25":0.0088376865,"26":0.0070150379,"27":0.0060272176,"28":0.0058775529,"29":0.0057606902,"30":0.0054519885,"31":0.004649133,"32":0.0044371283,"33":0.0021002135,"34":0.0017918547,"35":0.0015847415,"36":0.0015508777,"37":0.0003031812,"38":-0.0005978617,"39":-0.0009844297,"40":-0.0012291673,"41":-0.0015485275,"42":-0.0022882626,"43":-0.0023156213,"44":-0.0032629661,"45":-0.0036574473,"46":-0.0057734493,"47":-0.0061271481,"48":-0.0080201746,"49":-0.0107196236,"50":-0.0143816145,"51":-0.016234634,"52":-0.0196793674,"53":-0.0202092015,"54":-0.0242459329,"55":-0.0369268703},"Price":{"0":813.22,"1":2521.77,"2":188.08,"3":265.11,"4":331.5,"5":54.9,"6":133.4,"7":174.98,"8":156.21,"9":140.73,"10":113.91,"11":71.91,"12":13.0,"13":94.6,"14":85.94,"15":253.54,"16":36.88,"17":39.23,"18":79.46,"19":62.06,"20":38.16,"21":156.25,"22":402.24,"23":39.85,"24":75.78,"25":34.5,"26":291.06,"27":135.03,"28":225.09,"29":15.93,"30":31.71,"31":166.9,"32":193.66,"33":215.58,"34":96.57,"35":65.84,"36":8.65,"37":98.25,"38":15.67,"39":100.91,"40":33.32,"41":304.23,"42":4159.52,"43":1466.94,"44":85.28,"45":50.32,"46":1833.74,"47":88.51,"48":35.05,"49":65.11,"50":91.82,"51":90.54,"52":55.79,"53":41.51,"54":27.42,"55":110.96},"Percent Change":{"0":4.6,"1":4.05,"2":3.45,"3":3.31,"4":2.94,"5":2.75,"6":2.62,"7":2.16,"8":1.64,"9":1.6,"10":1.46,"11":1.41,"12":1.4,"13":1.3,"14":1.2,"15":1.18,"16":0.93,"17":0.9,"18":0.85,"19":0.83,"20":0.79,"21":0.78,"22":0.74,"23":0.71,"24":0.62,"25":0.5,"26":0.31,"27":0.22,"28":0.2,"29":0.19,"30":0.16,"31":0.08,"32":0.06,"33":-0.18,"34":-0.21,"35":-0.23,"36":-0.23,"37":-0.35,"38":-0.44,"39":-0.48,"40":-0.51,"41":-0.54,"42":-0.61,"43":-0.62,"44":-0.71,"45":-0.75,"46":-0.96,"47":-1.0,"48":-1.18,"49":-1.45,"50":-1.82,"51":-2.0,"52":-2.35,"53":-2.4,"54":-2.8,"55":-4.06},"Index":{"0":"XLY","1":"XLY","2":"XLY","3":"XLY","4":"XLY","5":"XLY","6":"XLY","7":"XLY","8":"XLY","9":"XLY","10":"XLY","11":"XLY","12":"XLY","13":"XLY","14":"XLY","15":"XLY","16":"XLY","17":"XLY","18":"XLY","19":"XLY","20":"XLY","21":"XLY","22":"XLY","23":"XLY","24":"XLY","25":"XLY","26":"XLY","27":"XLY","28":"XLY","29":"XLY","30":"XLY","31":"XLY","32":"XLY","33":"XLY","34":"XLY","35":"XLY","36":"XLY","37":"XLY","38":"XLY","39":"XLY","40":"XLY","41":"XLY","42":"XLY","43":"XLY","44":"XLY","45":"XLY","46":"XLY","47":"XLY","48":"XLY","49":"XLY","50":"XLY","51":"XLY","52":"XLY","53":"XLY","54":"XLY","55":"XLY"}}