{"Ticker":{"0":"ETSY","1":"CCL","2":"TSCO","3":"AZO","4":"ORLY","5":"GPC","6":"DPZ","7":"DRI","8":"MGM","9":"CMG","10":"MCD","11":"WYNN","12":"NCLH","13":"SBUX","14":"TGT","15":"BBY","16":"YUM","17":"DLTR","18":"VFC","19":"RCL","20":"LVS","21":"KMX","22":"DG","23":"BWA","24":"TJX","25":"CZR","26":"LKQ","27":"EBAY","28":"HLT","29":"AAP","30":"ROST","31":"NKE","32":"ULTA","33":"BKNG","34":"APTV","35":"F","36":"LOW","37":"AMZN","38":"WHR","39":"HD","40":"TSLA","41":"MAR","42":"LEN","43":"GRMN","44":"GM","45":"RL","46":"POOL","47":"NVR","48":"TPR","49":"NWL","50":"DHI","51":"EXPE","52":"MHK","53":"PHM","54":"BBWI","55":"HAS"},"RSC":{"0":0.0521335221,"1":0.0406512317,"2":0.0342375932,"3":0.0320895032,"4":0.0277188047,"5":0.0264422227,"6":0.0263928458,"7":0.0259691983,"8":0.0249842952,"9":0.0206742704,"10":0.0194023665,"11":0.0172803031,"12":0.0166764998,"13":0.0165249489,"14":0.015755814,"15":0.0121549053,"16":0.0100931497,"17":0.0092971159,"18":0.0090978303,"19":0.0089836974,"20":0.0086016975,"21":0.007796688,"22":0.0070941735,"23":0.0055680295,"24":0.0045577687,"25":0.0042152909,"26":0.0037548169,"27":0.0029993241,"28":0.0025960783,"29":0.0018791208,"30":-0.0001636747,"31":-0.0001746697,"32":-0.0019583483,"33":-0.002301399,"34":-0.0028119867,"35":-0.0042145809,"36":-0.0050876692,"37":-0.0070797239,"38":-0.0075137831,"39":-0.0097677794,"40":-0.0099212094,"41":-0.0102598563,"42":-0.0103253084,"43":-0.0107689949,"44":-0.0132982662,"45":-0.0134859053,"46":-0.0141709081,"47":-0.0148183474,"48":-0.0160677328,"49":-0.0184343299,"50":-0.0249339858,"51":-0.0252128852,"52":-0.025351099,"53":-0.0264878786,"54":-0.0668745477,"55":-0.0840449656},"Price":{"0":119.74,"1":10.6,"2":212.78,"3":2446.88,"4":824.92,"5":179.77,"6":370.23,"7":142.53,"8":36.95,"9":1513.12,"10":272.27,"11":78.07,"12":17.87,"13":97.42,"14":173.26,"15":74.26,"16":122.6,"17":164.5,"18":33.11,"19":58.07,"20":43.0,"21":73.97,"22":246.93,"23":41.98,"24":73.06,"25":51.51,"26":53.63,"27":45.91,"28":138.76,"29":183.78,"30":94.63,"31":104.39,"32":422.62,"33":1979.25,"34":109.63,"35":14.06,"36":204.66,"37":98.49,"38":152.94,"39":306.92,"40":190.95,"41":159.53,"42":85.74,"43":91.28,"44":39.93,"45":101.34,"46":340.89,"47":4354.74,"48":34.25,"49":13.64,"50":81.49,"51":98.61,"52":105.32,"53":42.51,"54":33.06,"55":57.16},"Percent Change":{"0":3.55,"1":2.42,"2":1.78,"3":1.57,"4":1.14,"5":1.02,"6":1.01,"7":0.97,"8":0.87,"9":0.45,"10":0.32,"11":0.12,"12":0.06,"13":0.04,"14":-0.03,"15":-0.39,"16":-0.59,"17":-0.67,"18":-0.69,"19":-0.7,"20":-0.74,"21":-0.82,"22":-0.89,"23":-1.04,"24":-1.14,"25":-1.17,"26":-1.22,"27":-1.29,"28":-1.33,"29":-1.4,"30":-1.6,"31":-1.6,"32":-1.78,"33":-1.81,"34":-1.86,"35":-2.0,"36":-2.09,"37":-2.28,"38":-2.32,"39":-2.55,"40":-2.56,"41":-2.59,"42":-2.6,"43":-2.65,"44":-2.89,"45":-2.91,"46":-2.98,"47":-3.04,"48":-3.17,"49":-3.4,"50":-4.04,"51":-4.07,"52":-4.08,"53":-4.19,"54":-8.17,"55":-9.86},"Index":{"0":"XLY","1":"XLY","2":"XLY","3":"XLY","4":"XLY","5":"XLY","6":"XLY","7":"XLY","8":"XLY","9":"XLY","10":"XLY","11":"XLY","12":"XLY","13":"XLY","14":"XLY","15":"XLY","16":"XLY","17":"XLY","18":"XLY","19":"XLY","20":"XLY","21":"XLY","22":"XLY","23":"XLY","24":"XLY","25":"XLY","26":"XLY","27":"XLY","28":"XLY","29":"XLY","30":"XLY","31":"XLY","32":"XLY","33":"XLY","34":"XLY","35":"XLY","36":"XLY","37":"XLY","38":"XLY","39":"XLY","40":"XLY","41":"XLY","42":"XLY","43":"XLY","44":"XLY","45":"XLY","46":"XLY","47":"XLY","48":"XLY","49":"XLY","50":"XLY","51":"XLY","52":"XLY","53":"XLY","54":"XLY","55":"XLY"}}