{"Ticker":{"0":"CZR","1":"NCLH","2":"WYNN","3":"GM","4":"MGM","5":"EXPE","6":"TSCO","7":"MAR","8":"LVS","9":"DHI","10":"HLT","11":"F","12":"ETSY","13":"RCL","14":"AMZN","15":"TSLA","16":"TJX","17":"DLTR","18":"ROST","19":"MHK","20":"TGT","21":"BBWI","22":"LEN","23":"GPC","24":"LKQ","25":"APTV","26":"BKNG","27":"TPR","28":"CCL","29":"PHM","30":"GRMN","31":"LOW","32":"BWA","33":"HD","34":"NVR","35":"HAS","36":"EBAY","37":"SBUX","38":"NWL","39":"NKE","40":"MCD","41":"AZO","42":"ORLY","43":"BBY","44":"YUM","45":"RL","46":"DG","47":"CMG","48":"DRI","49":"DPZ","50":"AAP","51":"VFC","52":"POOL","53":"ULTA","54":"WHR","55":"KMX"},"RSC":{"0":0.0288429497,"1":0.0194991295,"2":0.0179213783,"3":0.0170299144,"4":0.0154049582,"5":0.0146774488,"6":0.0118942548,"7":0.0110232292,"8":0.009957357,"9":0.009473277,"10":0.0076342732,"11":0.0063735048,"12":0.0063032667,"13":0.0060524486,"14":0.0060145507,"15":0.0052645095,"16":0.0051499238,"17":0.0037096765,"18":0.0020908135,"19":0.0018483829,"20":0.001844777,"21":0.0007940135,"22":-0.0003938113,"23":-0.0007258897,"24":-0.0009424107,"25":-0.0009837101,"26":-0.0013621751,"27":-0.0031154386,"28":-0.0040080758,"29":-0.004399783,"30":-0.005347978,"31":-0.0061198736,"32":-0.0061445485,"33":-0.0064115408,"34":-0.0069256528,"35":-0.0073842426,"36":-0.0078953902,"37":-0.0079238712,"38":-0.009170023,"39":-0.0096118821,"40":-0.0097045602,"41":-0.0101470415,"42":-0.0108186929,"43":-0.0140767991,"44":-0.0161609646,"45":-0.0173594644,"46":-0.019493742,"47":-0.0196854424,"48":-0.0202906368,"49":-0.0220354574,"50":-0.0222516928,"51":-0.0244250383,"52":-0.0251861405,"53":-0.0251938941,"54":-0.0291144424,"55":-0.0417223001},"Price":{"0":39.61,"1":14.93,"2":58.8,"3":35.0,"4":33.92,"5":97.27,"6":197.37,"7":153.49,"8":39.07,"9":69.75,"10":131.23,"11":12.19,"12":100.91,"13":49.2,"14":119.32,"15":214.44,"16":67.61,"17":143.61,"18":85.07,"19":95.37,"20":159.19,"21":33.71,"22":73.43,"23":162.35,"24":51.49,"25":87.04,"26":1822.79,"27":31.27,"28":8.2,"29":37.49,"30":82.77,"31":182.37,"32":34.54,"33":275.53,"34":4046.65,"35":65.49,"36":38.41,"37":88.61,"38":15.02,"39":88.5,"40":254.55,"41":2301.03,"42":744.07,"43":63.77,"44":111.03,"45":90.71,"46":239.37,"47":1549.82,"48":133.32,"49":321.56,"50":171.34,"51":27.69,"52":284.83,"53":382.81,"54":131.22,"55":55.69},"Percent Change":{"0":5.88,"1":4.92,"2":4.76,"3":4.67,"4":4.5,"5":4.42,"6":4.14,"7":4.05,"8":3.94,"9":3.89,"10":3.7,"11":3.57,"12":3.56,"13":3.54,"14":3.53,"15":3.45,"16":3.44,"17":3.29,"18":3.13,"19":3.1,"20":3.1,"21":2.99,"22":2.87,"23":2.84,"24":2.82,"25":2.81,"26":2.77,"27":2.59,"28":2.5,"29":2.46,"30":2.36,"31":2.28,"32":2.28,"33":2.25,"34":2.2,"35":2.15,"36":2.1,"37":2.1,"38":1.97,"39":1.92,"40":1.91,"41":1.87,"42":1.8,"43":1.46,"44":1.25,"45":1.13,"46":0.91,"47":0.89,"48":0.82,"49":0.64,"50":0.62,"51":0.4,"52":0.32,"53":0.32,"54":-0.08,"55":-1.38},"Index":{"0":"XLY","1":"XLY","2":"XLY","3":"XLY","4":"XLY","5":"XLY","6":"XLY","7":"XLY","8":"XLY","9":"XLY","10":"XLY","11":"XLY","12":"XLY","13":"XLY","14":"XLY","15":"XLY","16":"XLY","17":"XLY","18":"XLY","19":"XLY","20":"XLY","21":"XLY","22":"XLY","23":"XLY","24":"XLY","25":"XLY","26":"XLY","27":"XLY","28":"XLY","29":"XLY","30":"XLY","31":"XLY","32":"XLY","33":"XLY","34":"XLY","35":"XLY","36":"XLY","37":"XLY","38":"XLY","39":"XLY","40":"XLY","41":"XLY","42":"XLY","43":"XLY","44":"XLY","45":"XLY","46":"XLY","47":"XLY","48":"XLY","49":"XLY","50":"XLY","51":"XLY","52":"XLY","53":"XLY","54":"XLY","55":"XLY"}}